-- --------------------------------------------------------
-- 主机:                           127.0.0.1
-- 服务器版本:                        5.7.19-log - MySQL Community Server (GPL)
-- 服务器操作系统:                      Win64
-- HeidiSQL 版本:                  9.5.0.5196
-- --------------------------------------------------------

/*!40101 SET @OLD_CHARACTER_SET_CLIENT=@@CHARACTER_SET_CLIENT */;
/*!40101 SET NAMES utf8 */;
/*!50503 SET NAMES utf8mb4 */;
/*!40014 SET @OLD_FOREIGN_KEY_CHECKS=@@FOREIGN_KEY_CHECKS, FOREIGN_KEY_CHECKS=0 */;
/*!40101 SET @OLD_SQL_MODE=@@SQL_MODE, SQL_MODE='NO_AUTO_VALUE_ON_ZERO' */;


-- 导出 water 的数据库结构
CREATE DATABASE IF NOT EXISTS `water` /*!40100 DEFAULT CHARACTER SET utf8 */;
USE `water`;

-- 导出  表 water.biaozhunye 结构
CREATE TABLE IF NOT EXISTS `biaozhunye` (
  `name` varchar(50) DEFAULT NULL,
  `no` varchar(50) DEFAULT NULL,
  `valid` varchar(50) DEFAULT NULL,
  KEY `Index 1` (`name`)
) ENGINE=InnoDB DEFAULT CHARSET=utf8;

-- 正在导出表  water.biaozhunye 的数据：~4 rows (大约)
/*!40000 ALTER TABLE `biaozhunye` DISABLE KEYS */;
INSERT INTO `biaozhunye` (`name`, `no`, `valid`) VALUES
	('ww', '2', '2018/5/15'),
	('ee', '12312', '2018/8/16'),
	('ww', '2', '2018/5/15'),
	('ee', '12312', '2018/8/16');
/*!40000 ALTER TABLE `biaozhunye` ENABLE KEYS */;

-- 导出  表 water.biaozhunye1 结构
CREATE TABLE IF NOT EXISTS `biaozhunye1` (
  `name` varchar(50) DEFAULT NULL,
  `TestID` int(11) DEFAULT NULL,
  `TestName` varchar(50) DEFAULT NULL,
  `con` varchar(50) DEFAULT NULL COMMENT '浓度',
  `unit` varchar(50) DEFAULT NULL COMMENT '单位',
  UNIQUE KEY `Index 2` (`name`,`TestName`),
  KEY `Index 1` (`name`),
  CONSTRAINT `FK_biaozhunye1_biaozhunye` FOREIGN KEY (`name`) REFERENCES `biaozhunye` (`name`) ON DELETE CASCADE ON UPDATE CASCADE
) ENGINE=InnoDB DEFAULT CHARSET=utf8 COMMENT='标准液对应的项目浓度';

-- 正在导出表  water.biaozhunye1 的数据：~4 rows (大约)
/*!40000 ALTER TABLE `biaozhunye1` DISABLE KEYS */;
INSERT INTO `biaozhunye1` (`name`, `TestID`, `TestName`, `con`, `unit`) VALUES
	('ww', NULL, 'AAA', '1', 'g/l'),
	('ww', NULL, 'BBB', '1', 'g/l'),
	('ee', NULL, 'AAA', '1', 'g/l'),
	('ee', NULL, 'NO2', '1', 'g/l');
/*!40000 ALTER TABLE `biaozhunye1` ENABLE KEYS */;

-- 导出  表 water.cadetail 结构
CREATE TABLE IF NOT EXISTS `cadetail` (
  `TestID` int(11) DEFAULT NULL,
  `name` varchar(50) DEFAULT NULL,
  `type` varchar(50) DEFAULT NULL,
  `num` tinyint(4) DEFAULT NULL,
  `kvalue` varchar(50) DEFAULT NULL,
  `testtimes` varchar(50) DEFAULT NULL,
  `caname0` varchar(50) DEFAULT NULL,
  `con0` varchar(50) DEFAULT NULL,
  `dilute0` varchar(50) DEFAULT NULL,
  `con01` varchar(50) DEFAULT NULL,
  `caname1` varchar(50) DEFAULT NULL,
  `con1` varchar(50) DEFAULT NULL,
  `dilute1` varchar(50) DEFAULT NULL,
  `con11` varchar(50) DEFAULT NULL,
  `caname2` varchar(50) DEFAULT NULL,
  `con2` varchar(50) DEFAULT NULL,
  `dilute2` varchar(50) DEFAULT NULL,
  `con21` varchar(50) DEFAULT NULL,
  `caname3` varchar(50) DEFAULT NULL,
  `con3` varchar(50) DEFAULT NULL,
  `dilute3` varchar(50) DEFAULT NULL,
  `con31` varchar(50) DEFAULT NULL,
  `caname4` varchar(50) DEFAULT NULL,
  `con4` varchar(50) DEFAULT NULL,
  `dilute4` varchar(50) DEFAULT NULL,
  `con41` varchar(50) DEFAULT NULL,
  `caname5` varchar(50) DEFAULT NULL,
  `con5` varchar(50) DEFAULT NULL,
  `dilute5` varchar(50) DEFAULT NULL,
  `con51` varchar(50) DEFAULT NULL,
  `caname6` varchar(50) DEFAULT NULL,
  `con6` varchar(50) DEFAULT NULL,
  `dilute6` varchar(50) DEFAULT NULL,
  `con61` varchar(50) DEFAULT NULL,
  `caname7` varchar(50) DEFAULT NULL,
  `con7` varchar(50) DEFAULT NULL,
  `dilute7` varchar(50) DEFAULT NULL,
  `con71` varchar(50) DEFAULT NULL
) ENGINE=InnoDB DEFAULT CHARSET=utf8 COMMENT='定标方法明细表';

-- 正在导出表  water.cadetail 的数据：~0 rows (大约)
/*!40000 ALTER TABLE `cadetail` DISABLE KEYS */;
INSERT INTO `cadetail` (`TestID`, `name`, `type`, `num`, `kvalue`, `testtimes`, `caname0`, `con0`, `dilute0`, `con01`, `caname1`, `con1`, `dilute1`, `con11`, `caname2`, `con2`, `dilute2`, `con21`, `caname3`, `con3`, `dilute3`, `con31`, `caname4`, `con4`, `dilute4`, `con41`, `caname5`, `con5`, `dilute5`, `con51`, `caname6`, `con6`, `dilute6`, `con61`, `caname7`, `con7`, `dilute7`, `con71`) VALUES
	(28429464, 'AAA', '线性', 1, '', '1', 'ee', '', '', '', 'ee', '', '', '', 'ee', '', '', '', 'ee', '', '', '', 'ee', '', '', '', 'ee', '', '', '', 'ee', '', '', '', 'ee', '', '', ''),
	(28429464, 'AAA', '线性', 1, '', '1', 'ee', '', '', '', 'ee', '', '', '', 'ee', '', '', '', 'ee', '', '', '', 'ee', '', '', '', 'ee', '', '', '', 'ee', '', '', '', 'ee', '', '', '');
/*!40000 ALTER TABLE `cadetail` ENABLE KEYS */;

-- 导出  表 water.comboitem 结构
CREATE TABLE IF NOT EXISTS `comboitem` (
  `name` varchar(50) DEFAULT NULL,
  UNIQUE KEY `Index 1` (`name`)
) ENGINE=InnoDB DEFAULT CHARSET=utf8;

-- 正在导出表  water.comboitem 的数据：~3 rows (大约)
/*!40000 ALTER TABLE `comboitem` DISABLE KEYS */;
INSERT INTO `comboitem` (`name`) VALUES
	('A'),
	('GBHJDK'),
	('v');
/*!40000 ALTER TABLE `comboitem` ENABLE KEYS */;

-- 导出  表 water.comboitem1 结构
CREATE TABLE IF NOT EXISTS `comboitem1` (
  `name` varchar(50) DEFAULT NULL,
  `Item` varchar(50) DEFAULT NULL,
  `TestID` int(11) DEFAULT NULL,
  UNIQUE KEY `Index 2` (`name`,`Item`),
  KEY `Index 1` (`name`),
  CONSTRAINT `FK_comboitem1_comboitem` FOREIGN KEY (`name`) REFERENCES `comboitem` (`name`)
) ENGINE=InnoDB DEFAULT CHARSET=utf8 COMMENT='组合项目';

-- 正在导出表  water.comboitem1 的数据：~6 rows (大约)
/*!40000 ALTER TABLE `comboitem1` DISABLE KEYS */;
INSERT INTO `comboitem1` (`name`, `Item`, `TestID`) VALUES
	('A', 'CL', 1),
	('v', 'CL', 1),
	('v', 'AAA', 7),
	('v', 'NO2', 0),
	('v', 'vv', 4),
	('GBHJDK', 'AAA', 7);
/*!40000 ALTER TABLE `comboitem1` ENABLE KEYS */;

-- 导出  表 water.item 结构
CREATE TABLE IF NOT EXISTS `item` (
  `TestID` int(11) DEFAULT NULL,
  `Name` varchar(50) DEFAULT NULL,
  `Fullname` varchar(50) DEFAULT NULL,
  `Reagent0` int(11) DEFAULT NULL,
  `Time0` int(11) DEFAULT NULL,
  `Volume0` int(11) DEFAULT NULL,
  `Reagent1` int(11) DEFAULT NULL,
  `Time1` int(11) DEFAULT NULL,
  `Volume1` int(11) DEFAULT NULL,
  `Reagent2` int(11) DEFAULT NULL,
  `Time2` int(11) DEFAULT NULL,
  `Volume2` int(11) DEFAULT NULL,
  `Reagent3` int(11) DEFAULT NULL,
  `Time3` int(11) DEFAULT NULL,
  `Volume3` int(11) DEFAULT NULL,
  `Reagent4` int(11) DEFAULT NULL,
  `Time4` int(11) DEFAULT NULL,
  `Volume4` int(11) DEFAULT NULL,
  `Priority` int(11) DEFAULT NULL,
  `zsypkb` int(11) DEFAULT NULL,
  `ReplaceReagent` int(11) DEFAULT NULL,
  `method` int(11) DEFAULT NULL,
  `readstep` int(11) DEFAULT NULL,
  `readInterval` int(11) DEFAULT NULL,
  `readtimes` int(11) DEFAULT NULL,
  `wavenum` int(11) DEFAULT NULL,
  `wl0` int(11) DEFAULT NULL,
  `wl1` int(11) DEFAULT NULL,
  `digitnum` varchar(50) DEFAULT NULL COMMENT '小数位数',
  `unit` varchar(50) DEFAULT NULL COMMENT '单位',
  `checkmethod` varchar(50) DEFAULT NULL COMMENT '检测方法',
  `limitlow` varchar(50) DEFAULT NULL,
  `limitlowjudge` varchar(50) DEFAULT NULL,
  `limithigh` varchar(50) DEFAULT NULL,
  `limithighjudge` varchar(50) DEFAULT NULL,
  `linearlow` varchar(50) DEFAULT NULL,
  `linearhigh` varchar(50) DEFAULT NULL,
  `correctA` varchar(50) DEFAULT NULL,
  `correctB` varchar(50) DEFAULT NULL,
  `xgdlimit` tinyint(4) DEFAULT NULL COMMENT '吸光度限值',
  `xgdlimitvalue` varchar(50) DEFAULT NULL,
  `kbxgd` tinyint(4) DEFAULT NULL COMMENT '空白吸光度',
  `kbxgd1` varchar(50) DEFAULT NULL,
  `kbxgd2` varchar(50) DEFAULT NULL,
  `xxd` tinyint(4) DEFAULT NULL COMMENT '线性度',
  `xxdvalue` varchar(50) DEFAULT NULL,
  `redodiluteid` int(11) DEFAULT NULL COMMENT '重做稀释液id',
  `redoxxfflow` varchar(50) DEFAULT NULL COMMENT '重做线性范围',
  `redoxxffhigh` varchar(50) DEFAULT NULL,
  `redoxxfftimes` varchar(50) DEFAULT NULL COMMENT '倍数',
  `redodilute1low` varchar(50) DEFAULT NULL,
  `redodilute1high` varchar(50) DEFAULT NULL,
  `redodilute1times` varchar(50) DEFAULT NULL,
  `redodilute2low` varchar(50) DEFAULT NULL,
  `redodilute2high` varchar(50) DEFAULT NULL,
  `redodilute2times` varchar(50) DEFAULT NULL,
  `redootherlow` varchar(50) DEFAULT NULL,
  `redootherhigh` varchar(50) DEFAULT NULL,
  `redoothertimes` varchar(50) DEFAULT NULL,
  UNIQUE KEY `Index 1` (`TestID`),
  UNIQUE KEY `Index 2` (`Name`)
) ENGINE=InnoDB DEFAULT CHARSET=utf8 COMMENT='项目信息，项目流程，项目重做';

-- 正在导出表  water.item 的数据：~7 rows (大约)
/*!40000 ALTER TABLE `item` DISABLE KEYS */;
INSERT INTO `item` (`TestID`, `Name`, `Fullname`, `Reagent0`, `Time0`, `Volume0`, `Reagent1`, `Time1`, `Volume1`, `Reagent2`, `Time2`, `Volume2`, `Reagent3`, `Time3`, `Volume3`, `Reagent4`, `Time4`, `Volume4`, `Priority`, `zsypkb`, `ReplaceReagent`, `method`, `readstep`, `readInterval`, `readtimes`, `wavenum`, `wl0`, `wl1`, `digitnum`, `unit`, `checkmethod`, `limitlow`, `limitlowjudge`, `limithigh`, `limithighjudge`, `linearlow`, `linearhigh`, `correctA`, `correctB`, `xgdlimit`, `xgdlimitvalue`, `kbxgd`, `kbxgd1`, `kbxgd2`, `xxd`, `xxdvalue`, `redodiluteid`, `redoxxfflow`, `redoxxffhigh`, `redoxxfftimes`, `redodilute1low`, `redodilute1high`, `redodilute1times`, `redodilute2low`, `redodilute2high`, `redodilute2times`, `redootherlow`, `redootherhigh`, `redoothertimes`) VALUES
	(0, 'NO2', NULL, 0, 10, 10, -2, 20, 20, 1, 30, 30, 2, 40, 40, 4, 40, 40, 2, 0, -1, 1, NULL, NULL, NULL, 2, 10, 11, NULL, NULL, NULL, NULL, NULL, NULL, NULL, NULL, NULL, NULL, NULL, NULL, NULL, NULL, NULL, NULL, NULL, NULL, NULL, NULL, NULL, NULL, NULL, NULL, NULL, NULL, NULL, NULL, NULL, NULL, NULL),
	(1, 'CL', NULL, -2, 11, 11, 21, 21, 21, 22, 22, 22, 23, 33, 33, 24, 44, 44, 1, 1, -1, 2, 2, NULL, NULL, 1, 12, 13, NULL, NULL, NULL, NULL, NULL, NULL, NULL, NULL, NULL, NULL, NULL, NULL, NULL, NULL, NULL, NULL, NULL, NULL, NULL, NULL, NULL, NULL, NULL, NULL, NULL, NULL, NULL, NULL, NULL, NULL, NULL),
	(3, 'TEST', NULL, -2, 11, 11, 21, 21, 21, 22, 22, 22, 23, 33, 33, 24, 44, 44, 3, 1, -1, 2, 2, NULL, NULL, 1, 12, 13, NULL, NULL, NULL, NULL, NULL, NULL, NULL, NULL, NULL, NULL, NULL, NULL, NULL, NULL, NULL, NULL, NULL, NULL, NULL, NULL, NULL, NULL, NULL, NULL, NULL, NULL, NULL, NULL, NULL, NULL, NULL),
	(7, 'AAA', 'ZZZZ', -2, 11, 11, 1, 21, 21, 2, 22, 22, 0, 33, 33, 0, 44, 44, 6, 1, 0, 2, 2, 0, 0, 1, 12, 13, '2', 'ug/l', NULL, '', NULL, '', NULL, '', '', '', '', 0, '', 0, '', '', 0, '', 0, '', '', '', '', '', '', '', '', '', '', '', ''),
	(2, 'BBB', 'ZZZZ', -2, 11, 11, 1, 21, 21, 2, 22, 22, 0, 33, 33, 0, 44, 44, 4, 1, 0, 2, 2, 0, 0, 1, 12, 13, '2', 'ug/l', NULL, '胜多负少的', NULL, '', NULL, '', '', '', '', 1, '', 1, '', '', 1, '', 0, '', '', '', '', '', '', '', '', '', '', '', ''),
	(4, 'vv', '', -2, 11, 11, 0, 21, 21, 0, 22, 22, 0, 33, 33, 0, 44, 44, 7, 1, 0, 2, 2, 0, 0, 1, 12, 13, NULL, NULL, NULL, '', NULL, '', NULL, '', '', '', '', 0, '', 0, '', '', 0, '', 0, '', '', '', '', '', '', '', '', '', '', '', ''),
	(5, 'CL1', '', -2, 11, 11, 0, 21, 21, 1, 22, 22, -3, 33, 33, -3, 44, 44, 5, 1, 0, 2, 2, 0, 0, 1, 12, 13, '3', 'ug/l', NULL, '', 'k', '', NULL, '', '', '1', '2', 0, '', 0, '', '', 0, '', 0, '', '', '', '', '', '', '', '', '', '', '', '');
/*!40000 ALTER TABLE `item` ENABLE KEYS */;

-- 导出  表 water.itemcalcu 结构
CREATE TABLE IF NOT EXISTS `itemcalcu` (
  `name` varchar(50) DEFAULT NULL,
  `fullname` varchar(50) DEFAULT NULL,
  `digitnum` varchar(50) DEFAULT NULL,
  `unit` varchar(50) DEFAULT NULL,
  `formula` varchar(128) DEFAULT NULL
) ENGINE=InnoDB DEFAULT CHARSET=utf8;

-- 正在导出表  water.itemcalcu 的数据：~0 rows (大约)
/*!40000 ALTER TABLE `itemcalcu` DISABLE KEYS */;
/*!40000 ALTER TABLE `itemcalcu` ENABLE KEYS */;

-- 导出  表 water.raw_sr 结构
CREATE TABLE IF NOT EXISTS `raw_sr` (
  `testsn` varchar(50) NOT NULL,
  `testpageid` varchar(50) NOT NULL,
  `no` varchar(50) NOT NULL,
  `id` int(11) NOT NULL,
  `sampleid` varchar(50) NOT NULL,
  `isPredilute` tinyint(4) NOT NULL,
  `Predilutetimes` int(11) NOT NULL,
  `Pos` int(11) NOT NULL,
  `Samplecuptype` tinyint(4) NOT NULL,
  `Isurgent` tinyint(4) NOT NULL,
  `Testtype` tinyint(4) NOT NULL,
  `Qualityname` varchar(50) NOT NULL,
  `Caname` varchar(50) NOT NULL,
  `TestID` int(11) NOT NULL,
  `Stage` int(11) NOT NULL
) ENGINE=InnoDB DEFAULT CHARSET=utf8 ROW_FORMAT=DYNAMIC COMMENT='原始登记表样本测试登记，包含普通测试，定标，质控';

-- 正在导出表  water.raw_sr 的数据：~138 rows (大约)
/*!40000 ALTER TABLE `raw_sr` DISABLE KEYS */;
INSERT INTO `raw_sr` (`testsn`, `testpageid`, `no`, `id`, `sampleid`, `isPredilute`, `Predilutetimes`, `Pos`, `Samplecuptype`, `Isurgent`, `Testtype`, `Qualityname`, `Caname`, `TestID`, `Stage`) VALUES
	('20180706103302000', '2018-07-06', '1', 1, '', 0, 0, 1, 0, 1, 4, '', '', 1, 0),
	('20180706103702000', '2018-07-06', '2', 2, '12', 1, 0, 2, 1, 1, 4, '', '', 2, 0),
	('20180706135538000', '2018-07-06', '3', 3, '', 0, 0, 3, 1, 0, 4, '', '', 0, 0),
	('20180706135538001', '2018-07-06', '3', 3, '', 0, 0, 3, 1, 0, 4, '', '', 1, 0),
	('20180706135538002', '2018-07-06', '3', 3, '', 0, 0, 3, 1, 0, 4, '', '', 2, 0),
	('20180706135538003', '2018-07-06', '3', 3, '', 0, 0, 3, 1, 0, 4, '', '', 3, 0),
	('20180706135628000', '2018-07-06', '4', 4, 'sdfsdf', 1, 12, 4, 0, 0, 4, '', '', 0, 0),
	('20180706135628001', '2018-07-06', '4', 4, 'sdfsdf', 1, 12, 4, 0, 0, 4, '', '', 1, 0),
	('20180706143402000', '2018-07-06', '6', 6, '12321321', 0, 0, 6, 0, 1, 4, '', '', 1, 0),
	('20180706143402001', '2018-07-06', '6', 6, '12321321', 0, 0, 6, 0, 1, 4, '', '', 2, 0),
	('20180706143402002', '2018-07-06', '6', 6, '12321321', 0, 0, 6, 0, 1, 4, '', '', 3, 0),
	('20180706162736000', '2018-07-06', '5', 5, '', 1, 12, 10, 0, 0, 4, '', '', 0, 0),
	('20180706162736001', '2018-07-06', '5', 5, '', 1, 12, 10, 0, 0, 4, '', '', 1, 0),
	('20180706163129000', '2018-07-06', '23', 23, '', 0, 0, 5, 0, 1, 4, '', '', 3, 0),
	('20180706175043000', '2018-07-06', '12', 12, '', 0, 0, 7, 0, 1, 4, '', '', 2, 0),
	('20180725104332000', '2018-07-25', '1', 1, '', 0, 0, 1, 0, 1, 4, '', '', 1, 0),
	('20180725104332001', '2018-07-25', '1', 1, '', 0, 0, 1, 0, 1, 4, '', '', 2, 0),
	('20180725104340000', '2018-07-25', '2', 2, '', 0, 0, 2, 0, 1, 4, '', '', 0, 0),
	('20180725130650000', '2018-07-25', '3', 3, '', 0, 0, 3, 0, 1, 4, '', '', 3, 0),
	('20180726162046000', '2018-07-26', '1', 1, '', 0, 0, 1, 0, 1, 4, '', '', 2, 0),
	('20180726162050000', '2018-07-26', '2', 2, '', 0, 0, 2, 0, 1, 4, '', '', 3, 0),
	('20180727084102000', '2018-07-27', '1', 1, '', 0, 0, 1, 0, 1, 4, '', '', 2, 0),
	('20180727084105000', '2018-07-27', '2', 2, '', 0, 0, 2, 0, 1, 4, '', '', 2, 0),
	('20180730090118000', '2018-07-30', '0', 0, '', 0, 0, 1, 0, 1, 4, '', '', 2, 0),
	('20180730113837000', '2018-07-30', '1', 1, '', 0, 0, 2, 0, 1, 4, '', '', 3, 0),
	('20180815160355000', '2018-08-15', '1', 1, '', 0, 0, 1, 0, 1, 4, '', '', 7, 0),
	('20180817144017000', '2018-08-17', '1', 1, '', 0, 0, 2, 0, 1, 4, '', '', 5, 0),
	('20180817144512000', '2018-08-17', '0', 0, '', 0, 0, 1, 0, 1, 4, '', '', 2, 0),
	('20180817144512001', '2018-08-17', '0', 0, '', 0, 0, 1, 0, 1, 4, '', '', 1, 0),
	('20180817144512002', '2018-08-17', '0', 0, '', 0, 0, 1, 0, 1, 4, '', '', 5, 0),
	('20180820083515008000', '2018-08-20', '1', 1, '', 0, 0, 1, 0, 1, 4, '', '', 2, 0),
	('20180820091851282000', '2018-08-20', '2', 2, '', 0, 0, 2, 0, 1, 4, '', '', 7, 0),
	('20180820092038372000', '2018-08-20', 'Q1', 1, '', 0, 59, 4, 0, 1, 3, 'b', '', 1, 0),
	('20180820092524524000', '2018-08-20', 'C1', 1, '', 0, 59, 3, 0, 1, 2, '', 'ee', 2, 0),
	('20180820092546277000', '2018-08-20', 'C2', 2, '', 0, 2004296339, 5, 0, 1, 1, '', 'ee', 5, 0),
	('20180820092546277001', '2018-08-20', 'C2', 2, '', 0, 2004296339, 5, 0, 1, 1, '', 'ee', 0, 0),
	('20180820151826052000', '2018-08-20', '3', 3, '', 0, 0, 6, 0, 1, 4, '', '', 1, 0),
	('20180820152558042000', '2018-08-20', 'Q2', 2, '', 0, 59, 7, 0, 1, 3, 'b', '', 2, 0),
	('20180821123903137000', '2018-08-21', '1', 1, '', 0, 0, 1, 0, 1, 4, '', '', 7, 0),
	('20180821123903137001', '2018-08-21', '1', 1, '', 0, 0, 1, 0, 1, 4, '', '', 1, 0),
	('20180821123903137002', '2018-08-21', '1', 1, '', 0, 0, 1, 0, 1, 4, '', '', 0, 0),
	('20180821123903137003', '2018-08-21', '1', 1, '', 0, 0, 1, 0, 1, 4, '', '', 4, 0),
	('20180821124439532000', '2018-08-21', '2', 2, '', 0, 0, 2, 0, 1, 4, '', '', 7, 0),
	('20180821124439532001', '2018-08-21', '2', 2, '', 0, 0, 2, 0, 1, 4, '', '', 1, 0),
	('20180821124439532002', '2018-08-21', '2', 2, '', 0, 0, 2, 0, 1, 4, '', '', 0, 0),
	('20180821124439532003', '2018-08-21', '2', 2, '', 0, 0, 2, 0, 1, 4, '', '', 4, 0),
	('20180821124447171000', '2018-08-21', '3', 3, '', 0, 0, 3, 0, 1, 4, '', '', 7, 0),
	('20180821124447171001', '2018-08-21', '3', 3, '', 0, 0, 3, 0, 1, 4, '', '', 1, 0),
	('20180821124447171002', '2018-08-21', '3', 3, '', 0, 0, 3, 0, 1, 4, '', '', 0, 0),
	('20180821124447171003', '2018-08-21', '3', 3, '', 0, 0, 3, 0, 1, 4, '', '', 4, 0),
	('20180821125212722000', '2018-08-21', 'C1', 1, '', 0, 2004296339, 4, 0, 1, 1, '', 'ee', 1, 0),
	('20180821125409396000', '2018-08-21', 'Q2', 2, '', 0, 2004296339, 6, 0, 1, 3, 'b', '', 5, 0),
	('20180821125409396001', '2018-08-21', 'Q2', 2, '', 0, 2004296339, 6, 0, 1, 3, 'b', '', 0, 0),
	('20180821125638819000', '2018-08-21', 'Q3', 3, '', 0, 59, 7, 0, 1, 3, 'sdf', '', 3, 0),
	('20180821125656872000', '2018-08-21', 'Q1', 1, '', 0, 531732456, 11, 0, 1, 3, 'b', '', 1, 0),
	('20180821125656872001', '2018-08-21', 'Q1', 1, '', 0, 531732456, 11, 0, 1, 3, 'b', '', 5, 0),
	('20180821125656872002', '2018-08-21', 'Q1', 1, '', 0, 531732456, 11, 0, 1, 3, 'b', '', 0, 0),
	('20180821125656872003', '2018-08-21', 'Q1', 1, '', 0, 531732456, 11, 0, 1, 3, 'b', '', 3, 0),
	('20180821135633135000', '2018-08-21', '4', 4, '', 0, 0, 5, 0, 1, 4, '', '', 7, 0),
	('20180821135633135001', '2018-08-21', '4', 4, '', 0, 0, 5, 0, 1, 4, '', '', 1, 0),
	('20180821135633135002', '2018-08-21', '4', 4, '', 0, 0, 5, 0, 1, 4, '', '', 0, 0),
	('20180821135633135003', '2018-08-21', '4', 4, '', 0, 0, 5, 0, 1, 4, '', '', 4, 0),
	('20180821154728106000', '2018-08-21', '5', 5, '', 0, 0, 8, 0, 1, 4, '', '', 7, 0),
	('20180821154728106001', '2018-08-21', '5', 5, '', 0, 0, 8, 0, 1, 4, '', '', 2, 0),
	('20180821154728106002', '2018-08-21', '5', 5, '', 0, 0, 8, 0, 1, 4, '', '', 1, 0),
	('20180821154728106003', '2018-08-21', '5', 5, '', 0, 0, 8, 0, 1, 4, '', '', 5, 0),
	('20180821154728106004', '2018-08-21', '5', 5, '', 0, 0, 8, 0, 1, 4, '', '', 0, 0),
	('20180821154728106005', '2018-08-21', '5', 5, '', 0, 0, 8, 0, 1, 4, '', '', 3, 0),
	('20180821154728106006', '2018-08-21', '5', 5, '', 0, 0, 8, 0, 1, 4, '', '', 4, 0),
	('20180706103302000', '2018-07-06', '1', 1, '', 0, 0, 1, 0, 1, 4, '', '', 1, 0),
	('20180706103702000', '2018-07-06', '2', 2, '12', 1, 0, 2, 1, 1, 4, '', '', 2, 0),
	('20180706135538000', '2018-07-06', '3', 3, '', 0, 0, 3, 1, 0, 4, '', '', 0, 0),
	('20180706135538001', '2018-07-06', '3', 3, '', 0, 0, 3, 1, 0, 4, '', '', 1, 0),
	('20180706135538002', '2018-07-06', '3', 3, '', 0, 0, 3, 1, 0, 4, '', '', 2, 0),
	('20180706135538003', '2018-07-06', '3', 3, '', 0, 0, 3, 1, 0, 4, '', '', 3, 0),
	('20180706135628000', '2018-07-06', '4', 4, 'sdfsdf', 1, 12, 4, 0, 0, 4, '', '', 0, 0),
	('20180706135628001', '2018-07-06', '4', 4, 'sdfsdf', 1, 12, 4, 0, 0, 4, '', '', 1, 0),
	('20180706143402000', '2018-07-06', '6', 6, '12321321', 0, 0, 6, 0, 1, 4, '', '', 1, 0),
	('20180706143402001', '2018-07-06', '6', 6, '12321321', 0, 0, 6, 0, 1, 4, '', '', 2, 0),
	('20180706143402002', '2018-07-06', '6', 6, '12321321', 0, 0, 6, 0, 1, 4, '', '', 3, 0),
	('20180706162736000', '2018-07-06', '5', 5, '', 1, 12, 10, 0, 0, 4, '', '', 0, 0),
	('20180706162736001', '2018-07-06', '5', 5, '', 1, 12, 10, 0, 0, 4, '', '', 1, 0),
	('20180706163129000', '2018-07-06', '23', 23, '', 0, 0, 5, 0, 1, 4, '', '', 3, 0),
	('20180706175043000', '2018-07-06', '12', 12, '', 0, 0, 7, 0, 1, 4, '', '', 2, 0),
	('20180725104332000', '2018-07-25', '1', 1, '', 0, 0, 1, 0, 1, 4, '', '', 1, 0),
	('20180725104332001', '2018-07-25', '1', 1, '', 0, 0, 1, 0, 1, 4, '', '', 2, 0),
	('20180725104340000', '2018-07-25', '2', 2, '', 0, 0, 2, 0, 1, 4, '', '', 0, 0),
	('20180725130650000', '2018-07-25', '3', 3, '', 0, 0, 3, 0, 1, 4, '', '', 3, 0),
	('20180726162046000', '2018-07-26', '1', 1, '', 0, 0, 1, 0, 1, 4, '', '', 2, 0),
	('20180726162050000', '2018-07-26', '2', 2, '', 0, 0, 2, 0, 1, 4, '', '', 3, 0),
	('20180727084102000', '2018-07-27', '1', 1, '', 0, 0, 1, 0, 1, 4, '', '', 2, 0),
	('20180727084105000', '2018-07-27', '2', 2, '', 0, 0, 2, 0, 1, 4, '', '', 2, 0),
	('20180730090118000', '2018-07-30', '0', 0, '', 0, 0, 1, 0, 1, 4, '', '', 2, 0),
	('20180730113837000', '2018-07-30', '1', 1, '', 0, 0, 2, 0, 1, 4, '', '', 3, 0),
	('20180815160355000', '2018-08-15', '1', 1, '', 0, 0, 1, 0, 1, 4, '', '', 7, 0),
	('20180817144017000', '2018-08-17', '1', 1, '', 0, 0, 2, 0, 1, 4, '', '', 5, 0),
	('20180817144512000', '2018-08-17', '0', 0, '', 0, 0, 1, 0, 1, 4, '', '', 2, 0),
	('20180817144512001', '2018-08-17', '0', 0, '', 0, 0, 1, 0, 1, 4, '', '', 1, 0),
	('20180817144512002', '2018-08-17', '0', 0, '', 0, 0, 1, 0, 1, 4, '', '', 5, 0),
	('20180820083515008000', '2018-08-20', '1', 1, '', 0, 0, 1, 0, 1, 4, '', '', 2, 0),
	('20180820091851282000', '2018-08-20', '2', 2, '', 0, 0, 2, 0, 1, 4, '', '', 7, 0),
	('20180820092038372000', '2018-08-20', 'Q1', 1, '', 0, 59, 4, 0, 1, 3, 'b', '', 1, 0),
	('20180820092524524000', '2018-08-20', 'C1', 1, '', 0, 59, 3, 0, 1, 2, '', 'ee', 2, 0),
	('20180820092546277000', '2018-08-20', 'C2', 2, '', 0, 2004296339, 5, 0, 1, 1, '', 'ee', 5, 0),
	('20180820092546277001', '2018-08-20', 'C2', 2, '', 0, 2004296339, 5, 0, 1, 1, '', 'ee', 0, 0),
	('20180820151826052000', '2018-08-20', '3', 3, '', 0, 0, 6, 0, 1, 4, '', '', 1, 0),
	('20180820152558042000', '2018-08-20', 'Q2', 2, '', 0, 59, 7, 0, 1, 3, 'b', '', 2, 0),
	('20180821123903137000', '2018-08-21', '1', 1, '', 0, 0, 1, 0, 1, 4, '', '', 7, 0),
	('20180821123903137001', '2018-08-21', '1', 1, '', 0, 0, 1, 0, 1, 4, '', '', 1, 0),
	('20180821123903137002', '2018-08-21', '1', 1, '', 0, 0, 1, 0, 1, 4, '', '', 0, 0),
	('20180821123903137003', '2018-08-21', '1', 1, '', 0, 0, 1, 0, 1, 4, '', '', 4, 0),
	('20180821124439532000', '2018-08-21', '2', 2, '', 0, 0, 2, 0, 1, 4, '', '', 7, 0),
	('20180821124439532001', '2018-08-21', '2', 2, '', 0, 0, 2, 0, 1, 4, '', '', 1, 0),
	('20180821124439532002', '2018-08-21', '2', 2, '', 0, 0, 2, 0, 1, 4, '', '', 0, 0),
	('20180821124439532003', '2018-08-21', '2', 2, '', 0, 0, 2, 0, 1, 4, '', '', 4, 0),
	('20180821124447171000', '2018-08-21', '3', 3, '', 0, 0, 3, 0, 1, 4, '', '', 7, 0),
	('20180821124447171001', '2018-08-21', '3', 3, '', 0, 0, 3, 0, 1, 4, '', '', 1, 0),
	('20180821124447171002', '2018-08-21', '3', 3, '', 0, 0, 3, 0, 1, 4, '', '', 0, 0),
	('20180821124447171003', '2018-08-21', '3', 3, '', 0, 0, 3, 0, 1, 4, '', '', 4, 0),
	('20180821125212722000', '2018-08-21', 'C1', 1, '', 0, 2004296339, 4, 0, 1, 1, '', 'ee', 1, 0),
	('20180821125409396000', '2018-08-21', 'Q2', 2, '', 0, 2004296339, 6, 0, 1, 3, 'b', '', 5, 0),
	('20180821125409396001', '2018-08-21', 'Q2', 2, '', 0, 2004296339, 6, 0, 1, 3, 'b', '', 0, 0),
	('20180821125638819000', '2018-08-21', 'Q3', 3, '', 0, 59, 7, 0, 1, 3, 'sdf', '', 3, 0),
	('20180821125656872000', '2018-08-21', 'Q1', 1, '', 0, 531732456, 11, 0, 1, 3, 'b', '', 1, 0),
	('20180821125656872001', '2018-08-21', 'Q1', 1, '', 0, 531732456, 11, 0, 1, 3, 'b', '', 5, 0),
	('20180821125656872002', '2018-08-21', 'Q1', 1, '', 0, 531732456, 11, 0, 1, 3, 'b', '', 0, 0),
	('20180821125656872003', '2018-08-21', 'Q1', 1, '', 0, 531732456, 11, 0, 1, 3, 'b', '', 3, 0),
	('20180821135633135000', '2018-08-21', '4', 4, '', 0, 0, 5, 0, 1, 4, '', '', 7, 0),
	('20180821135633135001', '2018-08-21', '4', 4, '', 0, 0, 5, 0, 1, 4, '', '', 1, 0),
	('20180821135633135002', '2018-08-21', '4', 4, '', 0, 0, 5, 0, 1, 4, '', '', 0, 0),
	('20180821135633135003', '2018-08-21', '4', 4, '', 0, 0, 5, 0, 1, 4, '', '', 4, 0),
	('20180821154728106000', '2018-08-21', '5', 5, '', 0, 0, 8, 0, 1, 4, '', '', 7, 0),
	('20180821154728106001', '2018-08-21', '5', 5, '', 0, 0, 8, 0, 1, 4, '', '', 2, 0),
	('20180821154728106002', '2018-08-21', '5', 5, '', 0, 0, 8, 0, 1, 4, '', '', 1, 0),
	('20180821154728106003', '2018-08-21', '5', 5, '', 0, 0, 8, 0, 1, 4, '', '', 5, 0),
	('20180821154728106004', '2018-08-21', '5', 5, '', 0, 0, 8, 0, 1, 4, '', '', 0, 0),
	('20180821154728106005', '2018-08-21', '5', 5, '', 0, 0, 8, 0, 1, 4, '', '', 3, 0),
	('20180821154728106006', '2018-08-21', '5', 5, '', 0, 0, 8, 0, 1, 4, '', '', 4, 0);
/*!40000 ALTER TABLE `raw_sr` ENABLE KEYS */;

-- 导出  表 water.reagent 结构
CREATE TABLE IF NOT EXISTS `reagent` (
  `id` int(11) DEFAULT NULL COMMENT '从0开始',
  `name` varchar(50) DEFAULT NULL,
  `fordilute` tinyint(4) DEFAULT NULL COMMENT '是否为稀释试剂',
  `forreplace` tinyint(4) DEFAULT NULL COMMENT '是否为替代试剂'
) ENGINE=InnoDB DEFAULT CHARSET=utf8 COMMENT='试剂位取值，可以为-1为系统水 -2为样本，-3 为无试剂，》=0为试剂id';

-- 正在导出表  water.reagent 的数据：~12 rows (大约)
/*!40000 ALTER TABLE `reagent` DISABLE KEYS */;
INSERT INTO `reagent` (`id`, `name`, `fordilute`, `forreplace`) VALUES
	(0, 'A', 0, 0),
	(1, 'B', 0, 0),
	(2, 'C', 0, 0),
	(-3, '', 0, 0),
	(-2, '样本', 0, 0),
	(-1, '系统水', 0, 1),
	(0, 'A', 0, 0),
	(1, 'B', 0, 0),
	(2, 'C', 0, 0),
	(-3, '', 0, 0),
	(-2, '样本', 0, 0),
	(-1, '系统水', 0, 1);
/*!40000 ALTER TABLE `reagent` ENABLE KEYS */;

-- 导出  表 water.sr 结构
CREATE TABLE IF NOT EXISTS `sr` (
  `testsn` varchar(50) NOT NULL COMMENT '与raw_sr对应字段联系',
  `testno` varchar(50) NOT NULL COMMENT '唯一，标识唯一的测试流程',
  `id` int(11) NOT NULL,
  `sampleid` varchar(50) NOT NULL,
  `isPredilute` tinyint(4) NOT NULL,
  `Predilutetimes` tinyint(4) NOT NULL,
  `Pos` int(11) NOT NULL,
  `Samplecuptype` tinyint(4) NOT NULL,
  `Isurgent` tinyint(4) NOT NULL,
  `Testtype` tinyint(4) NOT NULL,
  `Qualityname` varchar(50) NOT NULL,
  `Caname` varchar(50) NOT NULL,
  `IsDilute` tinyint(4) NOT NULL,
  `DiluteVolume` int(11) NOT NULL,
  `Dilutetimes` int(11) NOT NULL,
  `Dilutetime` int(11) NOT NULL,
  `Dilutereagent` int(11) NOT NULL,
  `TestID` int(11) NOT NULL,
  `Isreplace` int(11) NOT NULL,
  `Stage` int(11) NOT NULL
) ENGINE=InnoDB DEFAULT CHARSET=utf8 COMMENT='样本测试序列表，包含普通测试，定标，质控，此表直接导入底层处理模块，可直接支撑测试\r\n与此表对应的有读取结果表，包含临时结果。';

-- 正在导出表  water.sr 的数据：~1,122 rows (大约)
/*!40000 ALTER TABLE `sr` DISABLE KEYS */;
INSERT INTO `sr` (`testsn`, `testno`, `id`, `sampleid`, `isPredilute`, `Predilutetimes`, `Pos`, `Samplecuptype`, `Isurgent`, `Testtype`, `Qualityname`, `Caname`, `IsDilute`, `DiluteVolume`, `Dilutetimes`, `Dilutetime`, `Dilutereagent`, `TestID`, `Isreplace`, `Stage`) VALUES
	('20180615085211000', '1', 1, '', 0, 0, 1, 0, 1, 4, '', '', 0, 1, 4, 12, 0, 0, 0, 0),
	('20180615085211001', '1', 1, '', 0, 0, 1, 0, 1, 4, '', '', 0, 1, 4, 12, 0, 1, 0, 0),
	('20180615085211002', '1', 1, '', 0, 0, 1, 0, 1, 4, '', '', 0, 1, 4, 12, 0, 2, 0, 0),
	('20180615085214000', '2', 2, '', 0, 0, 2, 0, 1, 4, '', '', 0, 1, 4, 12, 0, 3, 0, 0),
	('20180615085220000', '8', 8, '', 0, 0, 3, 0, 1, 4, '', '', 0, 1, 4, 12, 0, 3, 0, 0),
	('20180615085225000', '3', 3, '', 0, 0, 4, 0, 1, 4, '', '', 0, 1, 4, 12, 0, 0, 0, 0),
	('20180615085234000', '4', 4, '', 0, 0, 5, 0, 1, 4, '', '', 0, 1, 4, 12, 0, 2, 0, 0),
	('20180615085512000', '5', 5, '', 0, 0, 6, 0, 1, 4, '', '', 0, 1, 4, 12, 0, 1, 0, 0),
	('20180615085512001', '5', 5, '', 0, 0, 6, 0, 1, 4, '', '', 0, 1, 4, 12, 0, 2, 0, 0),
	('20180615085623000', '234', 234, '', 0, 0, 7, 0, 1, 4, '', '', 0, 1, 4, 12, 0, 0, 0, 0),
	('20180615085623001', '234', 234, '', 0, 0, 7, 0, 1, 4, '', '', 0, 1, 4, 12, 0, 1, 0, 0),
	('20180615085636000', '6', 6, '', 0, 0, 40, 0, 1, 4, '', '', 0, 1, 4, 12, 0, 2, 0, 0),
	('20180615133803000', '7', 7, '', 0, 0, 8, 0, 1, 4, '', '', 0, 1, 4, 12, 0, 0, 0, 0),
	('20180615133803001', '7', 7, '', 0, 0, 8, 0, 1, 4, '', '', 0, 1, 4, 12, 0, 1, 0, 0),
	('20180615133813000', '9', 9, '', 0, 0, 9, 0, 1, 4, '', '', 0, 1, 4, 12, 0, 0, 0, 0),
	('20180615133813001', '9', 9, '', 0, 0, 9, 0, 1, 4, '', '', 0, 1, 4, 12, 0, 1, 0, 0),
	('20180615133813002', '9', 9, '', 0, 0, 9, 0, 1, 4, '', '', 0, 1, 4, 12, 0, 2, 0, 0),
	('20180615133813003', '9', 9, '', 0, 0, 9, 0, 1, 4, '', '', 0, 1, 4, 12, 0, 3, 0, 0),
	('20180615133848000', '10', 10, '', 0, 0, 10, 0, 0, 4, '', '', 0, 1, 4, 12, 0, 0, 0, 0),
	('20180615133903000', '11', 11, '', 0, 0, 11, 0, 0, 4, '', '', 0, 1, 4, 12, 0, 0, 0, 0),
	('20180615133903001', '11', 11, '', 0, 0, 11, 0, 0, 4, '', '', 0, 1, 4, 12, 0, 1, 0, 0),
	('20180615133903002', '11', 11, '', 0, 0, 11, 0, 0, 4, '', '', 0, 1, 4, 12, 0, 2, 0, 0),
	('20180615133908000', '12', 12, '', 0, 0, 12, 0, 0, 4, '', '', 0, 1, 4, 12, 0, 0, 0, 0),
	('20180615133912000', '13', 13, '', 0, 0, 13, 0, 0, 4, '', '', 0, 1, 4, 12, 0, 1, 0, 0),
	('20180615133914000', '14', 14, '', 0, 0, 14, 0, 0, 4, '', '', 0, 1, 4, 12, 0, 2, 0, 0),
	('20180615133917000', '15', 15, '', 0, 0, 15, 0, 0, 4, '', '', 0, 1, 4, 12, 0, 2, 0, 0),
	('20180615133919000', '16', 16, '', 0, 0, 16, 0, 0, 4, '', '', 0, 1, 4, 12, 0, 2, 0, 0),
	('20180615133921000', '17', 17, '', 0, 0, 17, 0, 0, 4, '', '', 0, 1, 4, 12, 0, 2, 0, 0),
	('20180615133923000', '18', 18, '', 0, 0, 18, 0, 0, 4, '', '', 0, 1, 4, 12, 0, 3, 0, 0),
	('20180615133926000', '19', 19, '', 0, 0, 19, 0, 0, 4, '', '', 0, 1, 4, 12, 0, 2, 0, 0),
	('20180615133931000', '20', 20, '', 0, 0, 20, 0, 0, 4, '', '', 0, 1, 4, 12, 0, 3, 0, 0),
	('20180615134040000', '21', 21, '', 0, 0, 21, 0, 0, 4, '', '', 0, 1, 4, 12, 0, 2, 0, 0),
	('20180615134047000', '22', 22, '', 0, 0, 22, 0, 0, 4, '', '', 0, 1, 4, 12, 0, 3, 0, 0),
	('20180615134054000', '23', 23, '', 0, 0, 23, 0, 0, 4, '', '', 0, 1, 4, 12, 0, 3, 0, 0),
	('20180615134058000', '24', 24, '', 0, 0, 24, 0, 0, 4, '', '', 0, 1, 4, 12, 0, 1, 0, 0),
	('20180615134101000', '25', 25, '', 0, 0, 25, 0, 0, 4, '', '', 0, 1, 4, 12, 0, 2, 0, 0),
	('20180615134104000', '26', 26, '', 0, 0, 26, 0, 0, 4, '', '', 0, 1, 4, 12, 0, 3, 0, 0),
	('20180615134107000', '27', 27, '', 0, 0, 27, 0, 0, 4, '', '', 0, 1, 4, 12, 0, 3, 0, 0),
	('20180615134111000', '28', 28, '', 0, 0, 28, 0, 0, 4, '', '', 0, 1, 4, 12, 0, 3, 0, 0),
	('20180615134113000', '29', 29, '', 0, 0, 29, 0, 0, 4, '', '', 0, 1, 4, 12, 0, 2, 0, 0),
	('20180615134116000', '30', 30, '', 0, 0, 30, 0, 0, 4, '', '', 0, 1, 4, 12, 0, 2, 0, 0),
	('20180615134119000', '31', 31, '', 0, 0, 31, 0, 0, 4, '', '', 0, 1, 4, 12, 0, 2, 0, 0),
	('20180615134122000', '32', 32, '', 0, 0, 32, 0, 0, 4, '', '', 0, 1, 4, 12, 0, 2, 0, 0),
	('20180615134124000', '33', 33, '', 0, 0, 33, 0, 0, 4, '', '', 0, 1, 4, 12, 0, 3, 0, 0),
	('20180615134126000', '34', 34, '', 0, 0, 34, 0, 0, 4, '', '', 0, 1, 4, 12, 0, 3, 0, 0),
	('20180615134129000', '35', 35, '', 0, 0, 35, 0, 0, 4, '', '', 0, 1, 4, 12, 0, 3, 0, 0),
	('20180615134134000', '36', 36, '', 0, 0, 36, 0, 0, 4, '', '', 0, 1, 4, 12, 0, 3, 0, 0),
	('20180615134138000', '37', 37, '', 0, 0, 37, 0, 0, 4, '', '', 0, 1, 4, 12, 0, 3, 0, 0),
	('20180615134141000', '38', 38, '', 0, 0, 38, 0, 0, 4, '', '', 0, 1, 4, 12, 0, 3, 0, 0),
	('20180615134143000', '39', 39, '', 0, 0, 39, 0, 0, 4, '', '', 0, 1, 4, 12, 0, 3, 0, 0),
	('20180615134203000', '40', 40, '', 0, 0, 0, 0, 0, 4, '', '', 0, 1, 4, 12, 0, 3, 0, 0),
	('20180616052921000', '1', 1, '', 0, 0, 1, 0, 1, 4, '', '', 0, 1, 4, 12, 0, 0, 0, 0),
	('20180616052921001', '1', 1, '', 0, 0, 1, 0, 1, 4, '', '', 0, 1, 4, 12, 0, 1, 0, 0),
	('20180617045917000', '1', 1, '', 0, 0, 1, 0, 1, 4, '', '', 0, 1, 4, 12, 0, 1, 0, 0),
	('20180617045933000', '2', 2, '', 0, 0, 2, 0, 1, 4, '', '', 0, 1, 4, 12, 0, 0, 0, 0),
	('20180617045933001', '2', 2, '', 0, 0, 2, 0, 1, 4, '', '', 0, 1, 4, 12, 0, 1, 0, 0),
	('20180617045933002', '2', 2, '', 0, 0, 2, 0, 1, 4, '', '', 0, 1, 4, 12, 0, 2, 0, 0),
	('20180617045933003', '2', 2, '', 0, 0, 2, 0, 1, 4, '', '', 0, 1, 4, 12, 0, 3, 0, 0),
	('20180617045944000', '3', 3, '', 0, 0, 3, 0, 1, 4, '', '', 0, 1, 4, 12, 0, 0, 0, 0),
	('20180617045944001', '3', 3, '', 0, 0, 3, 0, 1, 4, '', '', 0, 1, 4, 12, 0, 1, 0, 0),
	('20180617045944002', '3', 3, '', 0, 0, 3, 0, 1, 4, '', '', 0, 1, 4, 12, 0, 2, 0, 0),
	('20180617045944003', '3', 3, '', 0, 0, 3, 0, 1, 4, '', '', 0, 1, 4, 12, 0, 3, 0, 0),
	('20180617052758000', '4', 4, '', 0, 0, 4, 0, 1, 4, '', '', 0, 1, 4, 12, 0, 0, 0, 0),
	('20180617052758001', '4', 4, '', 0, 0, 4, 0, 1, 4, '', '', 0, 1, 4, 12, 0, 1, 0, 0),
	('20180617052758002', '4', 4, '', 0, 0, 4, 0, 1, 4, '', '', 0, 1, 4, 12, 0, 2, 0, 0),
	('20180617052758003', '4', 4, '', 0, 0, 4, 0, 1, 4, '', '', 0, 1, 4, 12, 0, 3, 0, 0),
	('20180617052814000', '5', 5, '', 0, 0, 5, 0, 1, 4, '', '', 0, 0, 1, 12, 0, 0, 0, 0),
	('20180617052814001', '5', 5, '', 0, 0, 5, 0, 1, 4, '', '', 0, 0, 1, 12, 0, 1, 0, 0),
	('20180617052814002', '5', 5, '', 0, 0, 5, 0, 1, 4, '', '', 0, 0, 1, 12, 0, 2, 0, 0),
	('20180617052814003', '5', 5, '', 0, 0, 5, 0, 1, 4, '', '', 0, 0, 1, 12, 0, 3, 0, 0),
	('20180617052836000', '6', 6, '', 0, 0, 6, 0, 1, 4, '', '', 0, 0, 1, 12, 0, 0, 0, 0),
	('20180617052836001', '6', 6, '', 0, 0, 6, 0, 1, 4, '', '', 0, 0, 1, 12, 0, 1, 0, 0),
	('20180617052836002', '6', 6, '', 0, 0, 6, 0, 1, 4, '', '', 0, 0, 1, 12, 0, 2, 0, 0),
	('20180617052836003', '6', 6, '', 0, 0, 6, 0, 1, 4, '', '', 0, 0, 1, 12, 0, 3, 0, 0),
	('20180617052842000', '7', 7, '', 0, 0, 7, 0, 1, 4, '', '', 0, 0, 1, 12, 0, 0, 0, 0),
	('20180617052842001', '7', 7, '', 0, 0, 7, 0, 1, 4, '', '', 0, 0, 1, 12, 0, 1, 0, 0),
	('20180617052842002', '7', 7, '', 0, 0, 7, 0, 1, 4, '', '', 0, 0, 1, 12, 0, 2, 0, 0),
	('20180617052842003', '7', 7, '', 0, 0, 7, 0, 1, 4, '', '', 0, 0, 1, 12, 0, 3, 0, 0),
	('20180617052846000', '8', 8, '', 0, 0, 8, 0, 1, 4, '', '', 0, 0, 1, 12, 0, 0, 0, 0),
	('20180617052846001', '8', 8, '', 0, 0, 8, 0, 1, 4, '', '', 0, 0, 1, 12, 0, 1, 0, 0),
	('20180617052846002', '8', 8, '', 0, 0, 8, 0, 1, 4, '', '', 0, 0, 1, 12, 0, 2, 0, 0),
	('20180617052846003', '8', 8, '', 0, 0, 8, 0, 1, 4, '', '', 0, 0, 1, 12, 0, 3, 0, 0),
	('20180617052852000', '9', 9, '', 0, 0, 9, 0, 1, 4, '', '', 0, 0, 1, 12, 0, 0, 0, 0),
	('20180617052852001', '9', 9, '', 0, 0, 9, 0, 1, 4, '', '', 0, 0, 1, 12, 0, 1, 0, 0),
	('20180617052852002', '9', 9, '', 0, 0, 9, 0, 1, 4, '', '', 0, 0, 1, 12, 0, 2, 0, 0),
	('20180617052852003', '9', 9, '', 0, 0, 9, 0, 1, 4, '', '', 0, 0, 1, 12, 0, 3, 0, 0),
	('20180617052856000', '10', 10, '', 0, 0, 10, 0, 1, 4, '', '', 0, 0, 1, 12, 0, 0, 0, 0),
	('20180617052856001', '10', 10, '', 0, 0, 10, 0, 1, 4, '', '', 0, 0, 1, 12, 0, 1, 0, 0),
	('20180617052856002', '10', 10, '', 0, 0, 10, 0, 1, 4, '', '', 0, 0, 1, 12, 0, 2, 0, 0),
	('20180617052856003', '10', 10, '', 0, 0, 10, 0, 1, 4, '', '', 0, 0, 1, 12, 0, 3, 0, 0),
	('20180617052900000', '11', 11, '', 0, 0, 11, 0, 1, 4, '', '', 0, 0, 1, 12, 0, 0, 0, 0),
	('20180617052900001', '11', 11, '', 0, 0, 11, 0, 1, 4, '', '', 0, 0, 1, 12, 0, 1, 0, 0),
	('20180617052900002', '11', 11, '', 0, 0, 11, 0, 1, 4, '', '', 0, 0, 1, 12, 0, 2, 0, 0),
	('20180617052900003', '11', 11, '', 0, 0, 11, 0, 1, 4, '', '', 0, 0, 1, 12, 0, 3, 0, 0),
	('20180617052903000', '12', 12, '', 0, 0, 12, 0, 1, 4, '', '', 0, 0, 1, 12, 0, 0, 0, 0),
	('20180617052903001', '12', 12, '', 0, 0, 12, 0, 1, 4, '', '', 0, 0, 1, 12, 0, 1, 0, 0),
	('20180617052903002', '12', 12, '', 0, 0, 12, 0, 1, 4, '', '', 0, 0, 1, 12, 0, 2, 0, 0),
	('20180617052903003', '12', 12, '', 0, 0, 12, 0, 1, 4, '', '', 0, 0, 1, 12, 0, 3, 0, 0),
	('20180617052907000', '13', 13, '', 0, 0, 13, 0, 1, 4, '', '', 0, 0, 1, 12, 0, 0, 0, 0),
	('20180617052907001', '13', 13, '', 0, 0, 13, 0, 1, 4, '', '', 0, 0, 1, 12, 0, 1, 0, 0),
	('20180617052907002', '13', 13, '', 0, 0, 13, 0, 1, 4, '', '', 0, 0, 1, 12, 0, 2, 0, 0),
	('20180617052907003', '13', 13, '', 0, 0, 13, 0, 1, 4, '', '', 0, 0, 1, 12, 0, 3, 0, 0),
	('20180617052910000', '14', 14, '', 0, 0, 14, 0, 1, 4, '', '', 0, 1, 4, 12, 0, 0, 0, 0),
	('20180617052910001', '14', 14, '', 0, 0, 14, 0, 1, 4, '', '', 0, 1, 4, 12, 0, 1, 0, 0),
	('20180617052910002', '14', 14, '', 0, 0, 14, 0, 1, 4, '', '', 0, 1, 4, 12, 0, 2, 0, 0),
	('20180617052910003', '14', 14, '', 0, 0, 14, 0, 1, 4, '', '', 0, 1, 4, 12, 0, 3, 0, 0),
	('20180617052913000', '15', 15, '', 0, 0, 15, 0, 1, 4, '', '', 0, 0, 1, 12, 0, 0, 0, 0),
	('20180617052913001', '15', 15, '', 0, 0, 15, 0, 1, 4, '', '', 0, 0, 1, 12, 0, 1, 0, 0),
	('20180617052913002', '15', 15, '', 0, 0, 15, 0, 1, 4, '', '', 0, 0, 1, 12, 0, 2, 0, 0),
	('20180617052913003', '15', 15, '', 0, 0, 15, 0, 1, 4, '', '', 0, 0, 1, 12, 0, 3, 0, 0),
	('20180617052917000', '16', 16, '', 0, 0, 16, 0, 1, 4, '', '', 0, 0, 1, 12, 0, 0, 0, 0),
	('20180617052917001', '16', 16, '', 0, 0, 16, 0, 1, 4, '', '', 0, 0, 1, 12, 0, 1, 0, 0),
	('20180617052917002', '16', 16, '', 0, 0, 16, 0, 1, 4, '', '', 0, 0, 1, 12, 0, 2, 0, 0),
	('20180617052917003', '16', 16, '', 0, 0, 16, 0, 1, 4, '', '', 0, 0, 1, 12, 0, 3, 0, 0),
	('20180617052920000', '17', 17, '', 0, 0, 17, 0, 1, 4, '', '', 0, 0, 1, 12, 0, 0, 0, 0),
	('20180617052920001', '17', 17, '', 0, 0, 17, 0, 1, 4, '', '', 0, 0, 1, 12, 0, 1, 0, 0),
	('20180617052920002', '17', 17, '', 0, 0, 17, 0, 1, 4, '', '', 0, 0, 1, 12, 0, 2, 0, 0),
	('20180617052920003', '17', 17, '', 0, 0, 17, 0, 1, 4, '', '', 0, 0, 1, 12, 0, 3, 0, 0),
	('20180617052923000', '18', 18, '', 0, 0, 18, 0, 1, 4, '', '', 0, 0, 1, 12, 0, 0, 0, 0),
	('20180617052923001', '18', 18, '', 0, 0, 18, 0, 1, 4, '', '', 0, 0, 1, 12, 0, 1, 0, 0),
	('20180617052923002', '18', 18, '', 0, 0, 18, 0, 1, 4, '', '', 0, 0, 1, 12, 0, 2, 0, 0),
	('20180617052923003', '18', 18, '', 0, 0, 18, 0, 1, 4, '', '', 0, 0, 1, 12, 0, 3, 0, 0),
	('20180617052926000', '19', 19, '', 0, 0, 19, 0, 1, 4, '', '', 0, 0, 1, 12, 0, 0, 0, 0),
	('20180617052926001', '19', 19, '', 0, 0, 19, 0, 1, 4, '', '', 0, 0, 1, 12, 0, 1, 0, 0),
	('20180617052926002', '19', 19, '', 0, 0, 19, 0, 1, 4, '', '', 0, 0, 1, 12, 0, 2, 0, 0),
	('20180617052926003', '19', 19, '', 0, 0, 19, 0, 1, 4, '', '', 0, 0, 1, 12, 0, 3, 0, 0),
	('20180617052929000', '20', 20, '', 0, 0, 20, 0, 1, 4, '', '', 0, 0, 1, 12, 0, 0, 0, 0),
	('20180617052929001', '20', 20, '', 0, 0, 20, 0, 1, 4, '', '', 0, 0, 1, 12, 0, 1, 0, 0),
	('20180617052929002', '20', 20, '', 0, 0, 20, 0, 1, 4, '', '', 0, 0, 1, 12, 0, 2, 0, 0),
	('20180617052929003', '20', 20, '', 0, 0, 20, 0, 1, 4, '', '', 0, 0, 1, 12, 0, 3, 0, 0),
	('20180617052932000', '21', 21, '', 0, 0, 21, 0, 1, 4, '', '', 0, 0, 1, 12, 0, 0, 0, 0),
	('20180617052932001', '21', 21, '', 0, 0, 21, 0, 1, 4, '', '', 0, 0, 1, 12, 0, 1, 0, 0),
	('20180617052932002', '21', 21, '', 0, 0, 21, 0, 1, 4, '', '', 0, 0, 1, 12, 0, 2, 0, 0),
	('20180617052932003', '21', 21, '', 0, 0, 21, 0, 1, 4, '', '', 0, 0, 1, 12, 0, 3, 0, 0),
	('20180617052936000', '22', 22, '', 0, 0, 22, 0, 1, 4, '', '', 0, 0, 1, 12, 0, 0, 0, 0),
	('20180617052936001', '22', 22, '', 0, 0, 22, 0, 1, 4, '', '', 0, 0, 1, 12, 0, 1, 0, 0),
	('20180617052936002', '22', 22, '', 0, 0, 22, 0, 1, 4, '', '', 0, 0, 1, 12, 0, 2, 0, 0),
	('20180617052936003', '22', 22, '', 0, 0, 22, 0, 1, 4, '', '', 0, 0, 1, 12, 0, 3, 0, 0),
	('20180617052940000', '23', 23, '', 0, 0, 23, 0, 1, 4, '', '', 0, 0, 1, 12, 0, 0, 0, 0),
	('20180617052940001', '23', 23, '', 0, 0, 23, 0, 1, 4, '', '', 0, 0, 1, 12, 0, 1, 0, 0),
	('20180617052940002', '23', 23, '', 0, 0, 23, 0, 1, 4, '', '', 0, 0, 1, 12, 0, 2, 0, 0),
	('20180617052940003', '23', 23, '', 0, 0, 23, 0, 1, 4, '', '', 0, 0, 1, 12, 0, 3, 0, 0),
	('20180617052944000', '24', 24, '', 0, 0, 24, 0, 1, 4, '', '', 0, 0, 1, 12, 0, 0, 0, 0),
	('20180617052944001', '24', 24, '', 0, 0, 24, 0, 1, 4, '', '', 0, 0, 1, 12, 0, 1, 0, 0),
	('20180617052944002', '24', 24, '', 0, 0, 24, 0, 1, 4, '', '', 0, 0, 1, 12, 0, 2, 0, 0),
	('20180617052944003', '24', 24, '', 0, 0, 24, 0, 1, 4, '', '', 0, 0, 1, 12, 0, 3, 0, 0),
	('20180617052950000', '25', 25, '', 0, 0, 25, 0, 1, 4, '', '', 0, 0, 1, 12, 0, 0, 0, 0),
	('20180617052950001', '25', 25, '', 0, 0, 25, 0, 1, 4, '', '', 0, 0, 1, 12, 0, 1, 0, 0),
	('20180617052950002', '25', 25, '', 0, 0, 25, 0, 1, 4, '', '', 0, 0, 1, 12, 0, 2, 0, 0),
	('20180617052950003', '25', 25, '', 0, 0, 25, 0, 1, 4, '', '', 0, 0, 1, 12, 0, 3, 0, 0),
	('20180617052953000', '26', 26, '', 0, 0, 26, 0, 1, 4, '', '', 0, 0, 1, 12, 0, 0, 0, 0),
	('20180617052953001', '26', 26, '', 0, 0, 26, 0, 1, 4, '', '', 0, 0, 1, 12, 0, 1, 0, 0),
	('20180617052953002', '26', 26, '', 0, 0, 26, 0, 1, 4, '', '', 0, 0, 1, 12, 0, 2, 0, 0),
	('20180617052953003', '26', 26, '', 0, 0, 26, 0, 1, 4, '', '', 0, 0, 1, 12, 0, 3, 0, 0),
	('20180617053002000', '27', 27, '', 0, 0, 27, 0, 1, 4, '', '', 0, 0, 1, 12, 0, 0, 0, 0),
	('20180617053002001', '27', 27, '', 0, 0, 27, 0, 1, 4, '', '', 0, 0, 1, 12, 0, 1, 0, 0),
	('20180617053002002', '27', 27, '', 0, 0, 27, 0, 1, 4, '', '', 0, 0, 1, 12, 0, 2, 0, 0),
	('20180617053002003', '27', 27, '', 0, 0, 27, 0, 1, 4, '', '', 0, 0, 1, 12, 0, 3, 0, 0),
	('20180617053007000', '28', 28, '', 0, 0, 28, 0, 1, 4, '', '', 0, 0, 1, 12, 0, 0, 0, 0),
	('20180617053007001', '28', 28, '', 0, 0, 28, 0, 1, 4, '', '', 0, 0, 1, 12, 0, 1, 0, 0),
	('20180617053007002', '28', 28, '', 0, 0, 28, 0, 1, 4, '', '', 0, 0, 1, 12, 0, 2, 0, 0),
	('20180617053007003', '28', 28, '', 0, 0, 28, 0, 1, 4, '', '', 0, 0, 1, 12, 0, 3, 0, 0),
	('20180617053010000', '29', 29, '', 0, 0, 29, 0, 1, 4, '', '', 0, 0, 1, 12, 0, 0, 0, 0),
	('20180617053010001', '29', 29, '', 0, 0, 29, 0, 1, 4, '', '', 0, 0, 1, 12, 0, 1, 0, 0),
	('20180617053010002', '29', 29, '', 0, 0, 29, 0, 1, 4, '', '', 0, 0, 1, 12, 0, 2, 0, 0),
	('20180617053010003', '29', 29, '', 0, 0, 29, 0, 1, 4, '', '', 0, 0, 1, 12, 0, 3, 0, 0),
	('20180617053017000', '30', 30, '', 0, 0, 30, 0, 1, 4, '', '', 0, 0, 1, 12, 0, 0, 0, 0),
	('20180617053017001', '30', 30, '', 0, 0, 30, 0, 1, 4, '', '', 0, 0, 1, 12, 0, 1, 0, 0),
	('20180617053017002', '30', 30, '', 0, 0, 30, 0, 1, 4, '', '', 0, 0, 1, 12, 0, 2, 0, 0),
	('20180617053017003', '30', 30, '', 0, 0, 30, 0, 1, 4, '', '', 0, 0, 1, 12, 0, 3, 0, 0),
	('20180617053020000', '31', 31, '', 0, 0, 31, 0, 1, 4, '', '', 0, 1, 4, 12, 0, 0, 0, 0),
	('20180617053020001', '31', 31, '', 0, 0, 31, 0, 1, 4, '', '', 0, 1, 4, 12, 0, 1, 0, 0),
	('20180617053020002', '31', 31, '', 0, 0, 31, 0, 1, 4, '', '', 0, 1, 4, 12, 0, 2, 0, 0),
	('20180617053020003', '31', 31, '', 0, 0, 31, 0, 1, 4, '', '', 0, 1, 4, 12, 0, 3, 0, 0),
	('20180617053025000', '32', 32, '', 0, 0, 32, 0, 1, 4, '', '', 0, 0, 1, 12, 0, 0, 0, 0),
	('20180617053025001', '32', 32, '', 0, 0, 32, 0, 1, 4, '', '', 0, 0, 1, 12, 0, 1, 0, 0),
	('20180617053025002', '32', 32, '', 0, 0, 32, 0, 1, 4, '', '', 0, 0, 1, 12, 0, 2, 0, 0),
	('20180617053025003', '32', 32, '', 0, 0, 32, 0, 1, 4, '', '', 0, 0, 1, 12, 0, 3, 0, 0),
	('20180617053030000', '33', 33, '', 0, 0, 33, 0, 1, 4, '', '', 0, 0, 1, 12, 0, 0, 0, 0),
	('20180617053030001', '33', 33, '', 0, 0, 33, 0, 1, 4, '', '', 0, 0, 1, 12, 0, 1, 0, 0),
	('20180617053030002', '33', 33, '', 0, 0, 33, 0, 1, 4, '', '', 0, 0, 1, 12, 0, 2, 0, 0),
	('20180617053030003', '33', 33, '', 0, 0, 33, 0, 1, 4, '', '', 0, 0, 1, 12, 0, 3, 0, 0),
	('20180617053034000', '34', 34, '', 0, 0, 34, 0, 1, 4, '', '', 0, 0, 1, 12, 0, 0, 0, 0),
	('20180617053034001', '34', 34, '', 0, 0, 34, 0, 1, 4, '', '', 0, 0, 1, 12, 0, 1, 0, 0),
	('20180617053034002', '34', 34, '', 0, 0, 34, 0, 1, 4, '', '', 0, 0, 1, 12, 0, 2, 0, 0),
	('20180617053034003', '34', 34, '', 0, 0, 34, 0, 1, 4, '', '', 0, 0, 1, 12, 0, 3, 0, 0),
	('20180617053039000', '35', 35, '', 0, 0, 35, 0, 1, 4, '', '', 0, 0, 1, 12, 0, 0, 0, 0),
	('20180617053039001', '35', 35, '', 0, 0, 35, 0, 1, 4, '', '', 0, 0, 1, 12, 0, 1, 0, 0),
	('20180617053039002', '35', 35, '', 0, 0, 35, 0, 1, 4, '', '', 0, 0, 1, 12, 0, 2, 0, 0),
	('20180617053039003', '35', 35, '', 0, 0, 35, 0, 1, 4, '', '', 0, 0, 1, 12, 0, 3, 0, 0),
	('20180617053042000', '36', 36, '', 0, 0, 36, 0, 1, 4, '', '', 0, 0, 1, 12, 0, 0, 0, 0),
	('20180617053042001', '36', 36, '', 0, 0, 36, 0, 1, 4, '', '', 0, 0, 1, 12, 0, 1, 0, 0),
	('20180617053042002', '36', 36, '', 0, 0, 36, 0, 1, 4, '', '', 0, 0, 1, 12, 0, 2, 0, 0),
	('20180617053042003', '36', 36, '', 0, 0, 36, 0, 1, 4, '', '', 0, 0, 1, 12, 0, 3, 0, 0),
	('20180617053052000', '37', 37, '', 0, 0, 37, 0, 1, 4, '', '', 0, 0, 1, 12, 0, 0, 0, 0),
	('20180617053052001', '37', 37, '', 0, 0, 37, 0, 1, 4, '', '', 0, 0, 1, 12, 0, 1, 0, 0),
	('20180617053052002', '37', 37, '', 0, 0, 37, 0, 1, 4, '', '', 0, 0, 1, 12, 0, 2, 0, 0),
	('20180617053052003', '37', 37, '', 0, 0, 37, 0, 1, 4, '', '', 0, 0, 1, 12, 0, 3, 0, 0),
	('20180617053056000', '38', 38, '', 0, 0, 38, 0, 1, 4, '', '', 0, 0, 1, 12, 0, 0, 0, 0),
	('20180617053056001', '38', 38, '', 0, 0, 38, 0, 1, 4, '', '', 0, 0, 1, 12, 0, 1, 0, 0),
	('20180617053056002', '38', 38, '', 0, 0, 38, 0, 1, 4, '', '', 0, 0, 1, 12, 0, 2, 0, 0),
	('20180617053056003', '38', 38, '', 0, 0, 38, 0, 1, 4, '', '', 0, 0, 1, 12, 0, 3, 0, 0),
	('20180617053104000', '39', 39, '', 0, 0, 39, 0, 1, 4, '', '', 0, 0, 1, 12, 0, 0, 0, 0),
	('20180617053104001', '39', 39, '', 0, 0, 39, 0, 1, 4, '', '', 0, 0, 1, 12, 0, 1, 0, 0),
	('20180617053104002', '39', 39, '', 0, 0, 39, 0, 1, 4, '', '', 0, 0, 1, 12, 0, 2, 0, 0),
	('20180617053104003', '39', 39, '', 0, 0, 39, 0, 1, 4, '', '', 0, 0, 1, 12, 0, 3, 0, 0),
	('20180617053114000', '40', 40, '', 0, 0, 40, 0, 1, 4, '', '', 0, 0, 1, 12, 0, 0, 0, 0),
	('20180617053114001', '40', 40, '', 0, 0, 40, 0, 1, 4, '', '', 0, 0, 1, 12, 0, 1, 0, 0),
	('20180617053114002', '40', 40, '', 0, 0, 40, 0, 1, 4, '', '', 0, 0, 1, 12, 0, 2, 0, 0),
	('20180617053114003', '40', 40, '', 0, 0, 40, 0, 1, 4, '', '', 0, 0, 1, 12, 0, 3, 0, 0),
	('20180617053125000', '41', 41, '', 0, 0, 0, 0, 1, 4, '', '', 0, 0, 1, 12, 0, 0, 0, 0),
	('20180617053125001', '41', 41, '', 0, 0, 0, 0, 1, 4, '', '', 0, 0, 1, 12, 0, 1, 0, 0),
	('20180617053125002', '41', 41, '', 0, 0, 0, 0, 1, 4, '', '', 0, 0, 1, 12, 0, 2, 0, 0),
	('20180617053125003', '41', 41, '', 0, 0, 0, 0, 1, 4, '', '', 0, 0, 1, 12, 0, 3, 0, 0),
	('20180618071743000', '1', 1, '', 0, 0, 1, 0, 1, 4, '', '', 0, 1, 4, 12, 0, 0, 0, 0),
	('20180618071743001', '1', 1, '', 0, 0, 1, 0, 1, 4, '', '', 0, 1, 4, 12, 0, 1, 0, 0),
	('20180618071743002', '1', 1, '', 0, 0, 1, 0, 1, 4, '', '', 0, 1, 4, 12, 0, 2, 0, 0),
	('20180618071743003', '1', 1, '', 0, 0, 1, 0, 1, 4, '', '', 0, 1, 4, 12, 0, 3, 0, 0),
	('20180619071059000', '1', 1, '', 0, 0, 1, 0, 1, 4, '', '', 0, 1, 4, 12, 0, 0, 0, 0),
	('20180619071059001', '1', 1, '', 0, 0, 1, 0, 1, 4, '', '', 0, 1, 4, 12, 0, 1, 0, 0),
	('20180619071059002', '1', 1, '', 0, 0, 1, 0, 1, 4, '', '', 0, 1, 4, 12, 0, 2, 0, 0),
	('20180619071059003', '1', 1, '', 0, 0, 1, 0, 1, 4, '', '', 0, 1, 4, 12, 0, 3, 0, 0),
	('20180619110504000', '2', 2, '', 0, 0, 2, 0, 1, 4, '', '', 0, 1, 4, 12, 0, 0, 0, 0),
	('20180619110504001', '2', 2, '', 0, 0, 2, 0, 1, 4, '', '', 0, 1, 4, 12, 0, 1, 0, 0),
	('20180619110504002', '2', 2, '', 0, 0, 2, 0, 1, 4, '', '', 0, 1, 4, 12, 0, 2, 0, 0),
	('20180619110504003', '2', 2, '', 0, 0, 2, 0, 1, 4, '', '', 0, 1, 4, 12, 0, 3, 0, 0),
	('20180619165456000', '3', 3, '', 0, 0, 3, 0, 1, 4, '', '', 0, 1, 4, 12, 0, 0, 0, 0),
	('20180619165456001', '3', 3, '', 0, 0, 3, 0, 1, 4, '', '', 0, 1, 4, 12, 0, 1, 0, 0),
	('20180619165456002', '3', 3, '', 0, 0, 3, 0, 1, 4, '', '', 0, 1, 4, 12, 0, 2, 0, 0),
	('20180619165456003', '3', 3, '', 0, 0, 3, 0, 1, 4, '', '', 0, 1, 4, 12, 0, 3, 0, 0),
	('20180619165502000', '4', 4, '', 0, 0, 4, 0, 1, 4, '', '', 0, 1, 4, 12, 0, 0, 0, 0),
	('20180619165502001', '4', 4, '', 0, 0, 4, 0, 1, 4, '', '', 0, 1, 4, 12, 0, 1, 0, 0),
	('20180619165502002', '4', 4, '', 0, 0, 4, 0, 1, 4, '', '', 0, 1, 4, 12, 0, 2, 0, 0),
	('20180619165502003', '4', 4, '', 0, 0, 4, 0, 1, 4, '', '', 0, 1, 4, 12, 0, 3, 0, 0),
	('20180619165505000', '5', 5, '', 0, 0, 5, 0, 1, 4, '', '', 0, 1, 4, 12, 0, 0, 0, 0),
	('20180619165505001', '5', 5, '', 0, 0, 5, 0, 1, 4, '', '', 0, 1, 4, 12, 0, 1, 0, 0),
	('20180619165505002', '5', 5, '', 0, 0, 5, 0, 1, 4, '', '', 0, 1, 4, 12, 0, 2, 0, 0),
	('20180619165505003', '5', 5, '', 0, 0, 5, 0, 1, 4, '', '', 0, 1, 4, 12, 0, 3, 0, 0),
	('20180619165509000', '6', 6, '', 0, 0, 6, 0, 1, 4, '', '', 0, 1, 4, 12, 0, 0, 0, 0),
	('20180619165509001', '6', 6, '', 0, 0, 6, 0, 1, 4, '', '', 0, 1, 4, 12, 0, 1, 0, 0),
	('20180619165509002', '6', 6, '', 0, 0, 6, 0, 1, 4, '', '', 0, 1, 4, 12, 0, 2, 0, 0),
	('20180619165509003', '6', 6, '', 0, 0, 6, 0, 1, 4, '', '', 0, 1, 4, 12, 0, 3, 0, 0),
	('20180619165516000', '7', 7, '', 0, 0, 7, 0, 1, 4, '', '', 0, 1, 4, 12, 0, 0, 0, 0),
	('20180619165516001', '7', 7, '', 0, 0, 7, 0, 1, 4, '', '', 0, 1, 4, 12, 0, 1, 0, 0),
	('20180619165516002', '7', 7, '', 0, 0, 7, 0, 1, 4, '', '', 0, 1, 4, 12, 0, 2, 0, 0),
	('20180619165516003', '7', 7, '', 0, 0, 7, 0, 1, 4, '', '', 0, 1, 4, 12, 0, 3, 0, 0),
	('20180619165520000', '8', 8, '', 0, 0, 8, 0, 1, 4, '', '', 0, 1, 4, 12, 0, 0, 0, 0),
	('20180619165520001', '8', 8, '', 0, 0, 8, 0, 1, 4, '', '', 0, 1, 4, 12, 0, 1, 0, 0),
	('20180619165520002', '8', 8, '', 0, 0, 8, 0, 1, 4, '', '', 0, 1, 4, 12, 0, 2, 0, 0),
	('20180619165520003', '8', 8, '', 0, 0, 8, 0, 1, 4, '', '', 0, 1, 4, 12, 0, 3, 0, 0),
	('20180619165524000', '9', 9, '', 0, 0, 9, 0, 1, 4, '', '', 0, 1, 4, 12, 0, 0, 0, 0),
	('20180619165524001', '9', 9, '', 0, 0, 9, 0, 1, 4, '', '', 0, 1, 4, 12, 0, 1, 0, 0),
	('20180619165524002', '9', 9, '', 0, 0, 9, 0, 1, 4, '', '', 0, 1, 4, 12, 0, 2, 0, 0),
	('20180619165524003', '9', 9, '', 0, 0, 9, 0, 1, 4, '', '', 0, 1, 4, 12, 0, 3, 0, 0),
	('20180619165528000', '10', 10, '', 0, 0, 10, 0, 1, 4, '', '', 0, 1, 4, 12, 0, 0, 0, 0),
	('20180619165528001', '10', 10, '', 0, 0, 10, 0, 1, 4, '', '', 0, 1, 4, 12, 0, 1, 0, 0),
	('20180619165528002', '10', 10, '', 0, 0, 10, 0, 1, 4, '', '', 0, 1, 4, 12, 0, 2, 0, 0),
	('20180619165528003', '10', 10, '', 0, 0, 10, 0, 1, 4, '', '', 0, 1, 4, 12, 0, 3, 0, 0),
	('20180619165532000', '11', 11, '', 0, 0, 11, 0, 1, 4, '', '', 0, 1, 4, 12, 0, 0, 0, 0),
	('20180619165532001', '11', 11, '', 0, 0, 11, 0, 1, 4, '', '', 0, 1, 4, 12, 0, 1, 0, 0),
	('20180619165532002', '11', 11, '', 0, 0, 11, 0, 1, 4, '', '', 0, 1, 4, 12, 0, 2, 0, 0),
	('20180619165532003', '11', 11, '', 0, 0, 11, 0, 1, 4, '', '', 0, 1, 4, 12, 0, 3, 0, 0),
	('20180619165536000', '12', 12, '', 0, 0, 12, 0, 1, 4, '', '', 0, 1, 4, 12, 0, 0, 0, 0),
	('20180619165536001', '12', 12, '', 0, 0, 12, 0, 1, 4, '', '', 0, 1, 4, 12, 0, 1, 0, 0),
	('20180619165536002', '12', 12, '', 0, 0, 12, 0, 1, 4, '', '', 0, 1, 4, 12, 0, 2, 0, 0),
	('20180619165536003', '12', 12, '', 0, 0, 12, 0, 1, 4, '', '', 0, 1, 4, 12, 0, 3, 0, 0),
	('20180619165540000', '13', 13, '', 0, 0, 13, 0, 1, 4, '', '', 0, 1, 4, 12, 0, 0, 0, 0),
	('20180619165540001', '13', 13, '', 0, 0, 13, 0, 1, 4, '', '', 0, 1, 4, 12, 0, 1, 0, 0),
	('20180619165540002', '13', 13, '', 0, 0, 13, 0, 1, 4, '', '', 0, 1, 4, 12, 0, 2, 0, 0),
	('20180619165540003', '13', 13, '', 0, 0, 13, 0, 1, 4, '', '', 0, 1, 4, 12, 0, 3, 0, 0),
	('20180619165546000', '14', 14, '', 0, 0, 14, 0, 1, 4, '', '', 0, 1, 4, 12, 0, 0, 0, 0),
	('20180619165546001', '14', 14, '', 0, 0, 14, 0, 1, 4, '', '', 0, 1, 4, 12, 0, 1, 0, 0),
	('20180619165546002', '14', 14, '', 0, 0, 14, 0, 1, 4, '', '', 0, 1, 4, 12, 0, 2, 0, 0),
	('20180619165546003', '14', 14, '', 0, 0, 14, 0, 1, 4, '', '', 0, 1, 4, 12, 0, 3, 0, 0),
	('20180619165551000', '15', 15, '', 0, 0, 15, 0, 1, 4, '', '', 0, 1, 4, 12, 0, 0, 0, 0),
	('20180619165551001', '15', 15, '', 0, 0, 15, 0, 1, 4, '', '', 0, 1, 4, 12, 0, 1, 0, 0),
	('20180619165551002', '15', 15, '', 0, 0, 15, 0, 1, 4, '', '', 0, 1, 4, 12, 0, 2, 0, 0),
	('20180619165551003', '15', 15, '', 0, 0, 15, 0, 1, 4, '', '', 0, 1, 4, 12, 0, 3, 0, 0),
	('20180619165555000', '16', 16, '', 0, 0, 16, 0, 1, 4, '', '', 0, 1, 4, 12, 0, 0, 0, 0),
	('20180619165555001', '16', 16, '', 0, 0, 16, 0, 1, 4, '', '', 0, 1, 4, 12, 0, 1, 0, 0),
	('20180619165555002', '16', 16, '', 0, 0, 16, 0, 1, 4, '', '', 0, 1, 4, 12, 0, 2, 0, 0),
	('20180619165555003', '16', 16, '', 0, 0, 16, 0, 1, 4, '', '', 0, 1, 4, 12, 0, 3, 0, 0),
	('20180619165559000', '17', 17, '', 0, 0, 17, 0, 1, 4, '', '', 0, 1, 4, 12, 0, 0, 0, 0),
	('20180619165559001', '17', 17, '', 0, 0, 17, 0, 1, 4, '', '', 0, 1, 4, 12, 0, 1, 0, 0),
	('20180619165559002', '17', 17, '', 0, 0, 17, 0, 1, 4, '', '', 0, 1, 4, 12, 0, 2, 0, 0),
	('20180619165559003', '17', 17, '', 0, 0, 17, 0, 1, 4, '', '', 0, 1, 4, 12, 0, 3, 0, 0),
	('20180619165603000', '18', 18, '', 0, 0, 18, 0, 1, 4, '', '', 0, 1, 4, 12, 0, 0, 0, 0),
	('20180619165603001', '18', 18, '', 0, 0, 18, 0, 1, 4, '', '', 0, 1, 4, 12, 0, 1, 0, 0),
	('20180619165603002', '18', 18, '', 0, 0, 18, 0, 1, 4, '', '', 0, 1, 4, 12, 0, 2, 0, 0),
	('20180619165603003', '18', 18, '', 0, 0, 18, 0, 1, 4, '', '', 0, 1, 4, 12, 0, 3, 0, 0),
	('20180619165606000', '19', 19, '', 0, 0, 19, 0, 1, 4, '', '', 0, 1, 4, 12, 0, 0, 0, 0),
	('20180619165606001', '19', 19, '', 0, 0, 19, 0, 1, 4, '', '', 0, 1, 4, 12, 0, 1, 0, 0),
	('20180619165606002', '19', 19, '', 0, 0, 19, 0, 1, 4, '', '', 0, 1, 4, 12, 0, 2, 0, 0),
	('20180619165606003', '19', 19, '', 0, 0, 19, 0, 1, 4, '', '', 0, 1, 4, 12, 0, 3, 0, 0),
	('20180619165611000', '20', 20, '', 0, 0, 20, 0, 1, 4, '', '', 0, 1, 4, 12, 0, 0, 0, 0),
	('20180619165611001', '20', 20, '', 0, 0, 20, 0, 1, 4, '', '', 0, 1, 4, 12, 0, 1, 0, 0),
	('20180619165611002', '20', 20, '', 0, 0, 20, 0, 1, 4, '', '', 0, 1, 4, 12, 0, 2, 0, 0),
	('20180619165611003', '20', 20, '', 0, 0, 20, 0, 1, 4, '', '', 0, 1, 4, 12, 0, 3, 0, 0),
	('20180619165615000', '21', 21, '', 0, 0, 21, 0, 1, 4, '', '', 0, 1, 4, 12, 0, 0, 0, 0),
	('20180619165615001', '21', 21, '', 0, 0, 21, 0, 1, 4, '', '', 0, 1, 4, 12, 0, 1, 0, 0),
	('20180619165615002', '21', 21, '', 0, 0, 21, 0, 1, 4, '', '', 0, 1, 4, 12, 0, 2, 0, 0),
	('20180619165615003', '21', 21, '', 0, 0, 21, 0, 1, 4, '', '', 0, 1, 4, 12, 0, 3, 0, 0),
	('20180619165618000', '22', 22, '', 0, 0, 22, 0, 1, 4, '', '', 0, 1, 4, 12, 0, 0, 0, 0),
	('20180619165618001', '22', 22, '', 0, 0, 22, 0, 1, 4, '', '', 0, 1, 4, 12, 0, 1, 0, 0),
	('20180619165618002', '22', 22, '', 0, 0, 22, 0, 1, 4, '', '', 0, 1, 4, 12, 0, 2, 0, 0),
	('20180619165618003', '22', 22, '', 0, 0, 22, 0, 1, 4, '', '', 0, 1, 4, 12, 0, 3, 0, 0),
	('20180619165622000', '23', 23, '', 0, 0, 23, 0, 1, 4, '', '', 0, 1, 4, 12, 0, 0, 0, 0),
	('20180619165622001', '23', 23, '', 0, 0, 23, 0, 1, 4, '', '', 0, 1, 4, 12, 0, 1, 0, 0),
	('20180619165622002', '23', 23, '', 0, 0, 23, 0, 1, 4, '', '', 0, 1, 4, 12, 0, 2, 0, 0),
	('20180619165622003', '23', 23, '', 0, 0, 23, 0, 1, 4, '', '', 0, 1, 4, 12, 0, 3, 0, 0),
	('20180619165626000', '24', 24, '', 0, 0, 24, 0, 1, 4, '', '', 0, 1, 4, 12, 0, 0, 0, 0),
	('20180619165626001', '24', 24, '', 0, 0, 24, 0, 1, 4, '', '', 0, 1, 4, 12, 0, 1, 0, 0),
	('20180619165626002', '24', 24, '', 0, 0, 24, 0, 1, 4, '', '', 0, 1, 4, 12, 0, 2, 0, 0),
	('20180619165626003', '24', 24, '', 0, 0, 24, 0, 1, 4, '', '', 0, 1, 4, 12, 0, 3, 0, 0),
	('20180619165629000', '25', 25, '', 0, 0, 25, 0, 1, 4, '', '', 0, 1, 4, 12, 0, 0, 0, 0),
	('20180619165629001', '25', 25, '', 0, 0, 25, 0, 1, 4, '', '', 0, 1, 4, 12, 0, 1, 0, 0),
	('20180619165629002', '25', 25, '', 0, 0, 25, 0, 1, 4, '', '', 0, 1, 4, 12, 0, 2, 0, 0),
	('20180619165629003', '25', 25, '', 0, 0, 25, 0, 1, 4, '', '', 0, 1, 4, 12, 0, 3, 0, 0),
	('20180619165632000', '26', 26, '', 0, 0, 26, 0, 1, 4, '', '', 0, 1, 4, 12, 0, 0, 0, 0),
	('20180619165632001', '26', 26, '', 0, 0, 26, 0, 1, 4, '', '', 0, 1, 4, 12, 0, 1, 0, 0),
	('20180619165632002', '26', 26, '', 0, 0, 26, 0, 1, 4, '', '', 0, 1, 4, 12, 0, 2, 0, 0),
	('20180619165632003', '26', 26, '', 0, 0, 26, 0, 1, 4, '', '', 0, 1, 4, 12, 0, 3, 0, 0),
	('20180619165636000', '27', 27, '', 0, 0, 27, 0, 1, 4, '', '', 0, 1, 4, 12, 0, 0, 0, 0),
	('20180619165636001', '27', 27, '', 0, 0, 27, 0, 1, 4, '', '', 0, 1, 4, 12, 0, 1, 0, 0),
	('20180619165636002', '27', 27, '', 0, 0, 27, 0, 1, 4, '', '', 0, 1, 4, 12, 0, 2, 0, 0),
	('20180619165636003', '27', 27, '', 0, 0, 27, 0, 1, 4, '', '', 0, 1, 4, 12, 0, 3, 0, 0),
	('20180619165640000', '28', 28, '', 0, 0, 28, 0, 1, 4, '', '', 0, 1, 4, 12, 0, 0, 0, 0),
	('20180619165640001', '28', 28, '', 0, 0, 28, 0, 1, 4, '', '', 0, 1, 4, 12, 0, 1, 0, 0),
	('20180619165640002', '28', 28, '', 0, 0, 28, 0, 1, 4, '', '', 0, 1, 4, 12, 0, 2, 0, 0),
	('20180619165640003', '28', 28, '', 0, 0, 28, 0, 1, 4, '', '', 0, 1, 4, 12, 0, 3, 0, 0),
	('20180619165645000', '29', 29, '', 0, 0, 29, 0, 1, 4, '', '', 0, 1, 4, 12, 0, 0, 0, 0),
	('20180619165645001', '29', 29, '', 0, 0, 29, 0, 1, 4, '', '', 0, 1, 4, 12, 0, 1, 0, 0),
	('20180619165645002', '29', 29, '', 0, 0, 29, 0, 1, 4, '', '', 0, 1, 4, 12, 0, 2, 0, 0),
	('20180619165645003', '29', 29, '', 0, 0, 29, 0, 1, 4, '', '', 0, 1, 4, 12, 0, 3, 0, 0),
	('20180619165648000', '30', 30, '', 0, 0, 30, 0, 1, 4, '', '', 0, 1, 4, 12, 0, 0, 0, 0),
	('20180619165648001', '30', 30, '', 0, 0, 30, 0, 1, 4, '', '', 0, 1, 4, 12, 0, 1, 0, 0),
	('20180619165648002', '30', 30, '', 0, 0, 30, 0, 1, 4, '', '', 0, 1, 4, 12, 0, 2, 0, 0),
	('20180619165648003', '30', 30, '', 0, 0, 30, 0, 1, 4, '', '', 0, 1, 4, 12, 0, 3, 0, 0),
	('20180619165652000', '31', 31, '', 0, 0, 31, 0, 1, 4, '', '', 0, 1, 4, 12, 0, 0, 0, 0),
	('20180619165652001', '31', 31, '', 0, 0, 31, 0, 1, 4, '', '', 0, 1, 4, 12, 0, 1, 0, 0),
	('20180619165652002', '31', 31, '', 0, 0, 31, 0, 1, 4, '', '', 0, 1, 4, 12, 0, 2, 0, 0),
	('20180619165652003', '31', 31, '', 0, 0, 31, 0, 1, 4, '', '', 0, 1, 4, 12, 0, 3, 0, 0),
	('20180619165655000', '32', 32, '', 0, 0, 32, 0, 1, 4, '', '', 0, 1, 4, 12, 0, 0, 0, 0),
	('20180619165655001', '32', 32, '', 0, 0, 32, 0, 1, 4, '', '', 0, 1, 4, 12, 0, 1, 0, 0),
	('20180619165655002', '32', 32, '', 0, 0, 32, 0, 1, 4, '', '', 0, 1, 4, 12, 0, 2, 0, 0),
	('20180619165655003', '32', 32, '', 0, 0, 32, 0, 1, 4, '', '', 0, 1, 4, 12, 0, 3, 0, 0),
	('20180619165659000', '33', 33, '', 0, 0, 33, 0, 1, 4, '', '', 0, 1, 4, 12, 0, 0, 0, 0),
	('20180619165659001', '33', 33, '', 0, 0, 33, 0, 1, 4, '', '', 0, 1, 4, 12, 0, 1, 0, 0),
	('20180619165659002', '33', 33, '', 0, 0, 33, 0, 1, 4, '', '', 0, 1, 4, 12, 0, 2, 0, 0),
	('20180619165659003', '33', 33, '', 0, 0, 33, 0, 1, 4, '', '', 0, 1, 4, 12, 0, 3, 0, 0),
	('20180619165703000', '34', 34, '', 0, 0, 34, 0, 1, 4, '', '', 0, 1, 4, 12, 0, 0, 0, 0),
	('20180619165703001', '34', 34, '', 0, 0, 34, 0, 1, 4, '', '', 0, 1, 4, 12, 0, 1, 0, 0),
	('20180619165703002', '34', 34, '', 0, 0, 34, 0, 1, 4, '', '', 0, 1, 4, 12, 0, 2, 0, 0),
	('20180619165703003', '34', 34, '', 0, 0, 34, 0, 1, 4, '', '', 0, 1, 4, 12, 0, 3, 0, 0),
	('20180619165707000', '35', 35, '', 0, 0, 35, 0, 1, 4, '', '', 0, 1, 4, 12, 0, 0, 0, 0),
	('20180619165707001', '35', 35, '', 0, 0, 35, 0, 1, 4, '', '', 0, 1, 4, 12, 0, 1, 0, 0),
	('20180619165707002', '35', 35, '', 0, 0, 35, 0, 1, 4, '', '', 0, 1, 4, 12, 0, 2, 0, 0),
	('20180619165707003', '35', 35, '', 0, 0, 35, 0, 1, 4, '', '', 0, 1, 4, 12, 0, 3, 0, 0),
	('20180619165711000', '36', 36, '', 0, 0, 36, 0, 1, 4, '', '', 0, 1, 4, 12, 0, 0, 0, 0),
	('20180619165711001', '36', 36, '', 0, 0, 36, 0, 1, 4, '', '', 0, 1, 4, 12, 0, 1, 0, 0),
	('20180619165711002', '36', 36, '', 0, 0, 36, 0, 1, 4, '', '', 0, 1, 4, 12, 0, 2, 0, 0),
	('20180619165711003', '36', 36, '', 0, 0, 36, 0, 1, 4, '', '', 0, 1, 4, 12, 0, 3, 0, 0),
	('20180619165715000', '37', 37, '', 0, 0, 37, 0, 1, 4, '', '', 0, 1, 4, 12, 0, 0, 0, 0),
	('20180619165715001', '37', 37, '', 0, 0, 37, 0, 1, 4, '', '', 0, 1, 4, 12, 0, 1, 0, 0),
	('20180619165715002', '37', 37, '', 0, 0, 37, 0, 1, 4, '', '', 0, 1, 4, 12, 0, 2, 0, 0),
	('20180619165715003', '37', 37, '', 0, 0, 37, 0, 1, 4, '', '', 0, 1, 4, 12, 0, 3, 0, 0),
	('20180619165718000', '38', 38, '', 0, 0, 38, 0, 1, 4, '', '', 0, 1, 4, 12, 0, 0, 0, 0),
	('20180619165718001', '38', 38, '', 0, 0, 38, 0, 1, 4, '', '', 0, 1, 4, 12, 0, 1, 0, 0),
	('20180619165718002', '38', 38, '', 0, 0, 38, 0, 1, 4, '', '', 0, 1, 4, 12, 0, 2, 0, 0),
	('20180619165718003', '38', 38, '', 0, 0, 38, 0, 1, 4, '', '', 0, 1, 4, 12, 0, 3, 0, 0),
	('20180619165722000', '39', 39, '', 0, 0, 39, 0, 1, 4, '', '', 0, 1, 4, 12, 0, 0, 0, 0),
	('20180619165722001', '39', 39, '', 0, 0, 39, 0, 1, 4, '', '', 0, 1, 4, 12, 0, 1, 0, 0),
	('20180619165722002', '39', 39, '', 0, 0, 39, 0, 1, 4, '', '', 0, 1, 4, 12, 0, 2, 0, 0),
	('20180619165722003', '39', 39, '', 0, 0, 39, 0, 1, 4, '', '', 0, 1, 4, 12, 0, 3, 0, 0),
	('20180619165726000', '40', 40, '', 0, 0, 40, 0, 1, 4, '', '', 0, 1, 4, 12, 0, 0, 0, 0),
	('20180619165726001', '40', 40, '', 0, 0, 40, 0, 1, 4, '', '', 0, 1, 4, 12, 0, 1, 0, 0),
	('20180619165726002', '40', 40, '', 0, 0, 40, 0, 1, 4, '', '', 0, 1, 4, 12, 0, 2, 0, 0),
	('20180619165726003', '40', 40, '', 0, 0, 40, 0, 1, 4, '', '', 0, 1, 4, 12, 0, 3, 0, 0),
	('20180619165730000', '41', 41, '', 0, 0, 0, 0, 1, 4, '', '', 0, 1, 4, 12, 0, 0, 0, 0),
	('20180619165730001', '41', 41, '', 0, 0, 0, 0, 1, 4, '', '', 0, 1, 4, 12, 0, 1, 0, 0),
	('20180619165730002', '41', 41, '', 0, 0, 0, 0, 1, 4, '', '', 0, 1, 4, 12, 0, 2, 0, 0),
	('20180619165730003', '41', 41, '', 0, 0, 0, 0, 1, 4, '', '', 0, 1, 4, 12, 0, 3, 0, 0),
	('20180619165734000', '42', 42, '', 0, 0, 0, 0, 1, 4, '', '', 0, 1, 4, 12, 0, 0, 0, 0),
	('20180619165734001', '42', 42, '', 0, 0, 0, 0, 1, 4, '', '', 0, 1, 4, 12, 0, 1, 0, 0),
	('20180619165734002', '42', 42, '', 0, 0, 0, 0, 1, 4, '', '', 0, 1, 4, 12, 0, 2, 0, 0),
	('20180619165734003', '42', 42, '', 0, 0, 0, 0, 1, 4, '', '', 0, 1, 4, 12, 0, 3, 0, 0),
	('20180619165738000', '43', 43, '', 0, 0, 0, 0, 1, 4, '', '', 0, 1, 4, 12, 0, 0, 0, 0),
	('20180619165738001', '43', 43, '', 0, 0, 0, 0, 1, 4, '', '', 0, 1, 4, 12, 0, 1, 0, 0),
	('20180619165738002', '43', 43, '', 0, 0, 0, 0, 1, 4, '', '', 0, 1, 4, 12, 0, 2, 0, 0),
	('20180619165738003', '43', 43, '', 0, 0, 0, 0, 1, 4, '', '', 0, 1, 4, 12, 0, 3, 0, 0),
	('20180619165741000', '44', 44, '', 0, 0, 0, 0, 1, 4, '', '', 0, 1, 4, 12, 0, 0, 0, 0),
	('20180619165741001', '44', 44, '', 0, 0, 0, 0, 1, 4, '', '', 0, 1, 4, 12, 0, 1, 0, 0),
	('20180619165741002', '44', 44, '', 0, 0, 0, 0, 1, 4, '', '', 0, 1, 4, 12, 0, 2, 0, 0),
	('20180619165741003', '44', 44, '', 0, 0, 0, 0, 1, 4, '', '', 0, 1, 4, 12, 0, 3, 0, 0),
	('20180619165745000', '45', 45, '', 0, 0, 0, 0, 1, 4, '', '', 0, 1, 4, 12, 0, 0, 0, 0),
	('20180619165745001', '45', 45, '', 0, 0, 0, 0, 1, 4, '', '', 0, 1, 4, 12, 0, 1, 0, 0),
	('20180619165745002', '45', 45, '', 0, 0, 0, 0, 1, 4, '', '', 0, 1, 4, 12, 0, 2, 0, 0),
	('20180619165745003', '45', 45, '', 0, 0, 0, 0, 1, 4, '', '', 0, 1, 4, 12, 0, 3, 0, 0),
	('20180619165749000', '46', 46, '', 0, 0, 0, 0, 1, 4, '', '', 0, 1, 4, 12, 0, 0, 0, 0),
	('20180619165749001', '46', 46, '', 0, 0, 0, 0, 1, 4, '', '', 0, 1, 4, 12, 0, 1, 0, 0),
	('20180619165749002', '46', 46, '', 0, 0, 0, 0, 1, 4, '', '', 0, 1, 4, 12, 0, 2, 0, 0),
	('20180619165749003', '46', 46, '', 0, 0, 0, 0, 1, 4, '', '', 0, 1, 4, 12, 0, 3, 0, 0),
	('20180619165753000', '47', 47, '', 0, 0, 0, 0, 1, 4, '', '', 0, 1, 4, 12, 0, 0, 0, 0),
	('20180619165753001', '47', 47, '', 0, 0, 0, 0, 1, 4, '', '', 0, 1, 4, 12, 0, 1, 0, 0),
	('20180619165753002', '47', 47, '', 0, 0, 0, 0, 1, 4, '', '', 0, 1, 4, 12, 0, 2, 0, 0),
	('20180619165753003', '47', 47, '', 0, 0, 0, 0, 1, 4, '', '', 0, 1, 4, 12, 0, 3, 0, 0),
	('20180619165756000', '48', 48, '', 0, 0, 0, 0, 1, 4, '', '', 0, 1, 4, 12, 0, 0, 0, 0),
	('20180619165756001', '48', 48, '', 0, 0, 0, 0, 1, 4, '', '', 0, 1, 4, 12, 0, 1, 0, 0),
	('20180619165756002', '48', 48, '', 0, 0, 0, 0, 1, 4, '', '', 0, 1, 4, 12, 0, 2, 0, 0),
	('20180619165756003', '48', 48, '', 0, 0, 0, 0, 1, 4, '', '', 0, 1, 4, 12, 0, 3, 0, 0),
	('20180619165800000', '49', 49, '', 0, 0, 0, 0, 1, 4, '', '', 0, 1, 4, 12, 0, 0, 0, 0),
	('20180619165800001', '49', 49, '', 0, 0, 0, 0, 1, 4, '', '', 0, 1, 4, 12, 0, 1, 0, 0),
	('20180619165800002', '49', 49, '', 0, 0, 0, 0, 1, 4, '', '', 0, 1, 4, 12, 0, 2, 0, 0),
	('20180619165800003', '49', 49, '', 0, 0, 0, 0, 1, 4, '', '', 0, 1, 4, 12, 0, 3, 0, 0),
	('20180619165804000', '50', 50, '', 0, 0, 0, 0, 1, 4, '', '', 0, 1, 4, 12, 0, 0, 0, 0),
	('20180619165804001', '50', 50, '', 0, 0, 0, 0, 1, 4, '', '', 0, 1, 4, 12, 0, 1, 0, 0),
	('20180619165804002', '50', 50, '', 0, 0, 0, 0, 1, 4, '', '', 0, 1, 4, 12, 0, 2, 0, 0),
	('20180619165804003', '50', 50, '', 0, 0, 0, 0, 1, 4, '', '', 0, 1, 4, 12, 0, 3, 0, 0),
	('20180619165808000', '51', 51, '', 0, 0, 0, 0, 1, 4, '', '', 0, 1, 4, 12, 0, 0, 0, 0),
	('20180619165808001', '51', 51, '', 0, 0, 0, 0, 1, 4, '', '', 0, 1, 4, 12, 0, 1, 0, 0),
	('20180619165808002', '51', 51, '', 0, 0, 0, 0, 1, 4, '', '', 0, 1, 4, 12, 0, 2, 0, 0),
	('20180619165808003', '51', 51, '', 0, 0, 0, 0, 1, 4, '', '', 0, 1, 4, 12, 0, 3, 0, 0),
	('20180619165812000', '52', 52, '', 0, 0, 0, 0, 1, 4, '', '', 0, 1, 4, 12, 0, 0, 0, 0),
	('20180619165812001', '52', 52, '', 0, 0, 0, 0, 1, 4, '', '', 0, 1, 4, 12, 0, 1, 0, 0),
	('20180619165812002', '52', 52, '', 0, 0, 0, 0, 1, 4, '', '', 0, 1, 4, 12, 0, 2, 0, 0),
	('20180619165812003', '52', 52, '', 0, 0, 0, 0, 1, 4, '', '', 0, 1, 4, 12, 0, 3, 0, 0),
	('20180619165817000', '53', 53, '', 0, 0, 0, 0, 1, 4, '', '', 0, 1, 4, 12, 0, 0, 0, 0),
	('20180619165817001', '53', 53, '', 0, 0, 0, 0, 1, 4, '', '', 0, 1, 4, 12, 0, 1, 0, 0),
	('20180619165817002', '53', 53, '', 0, 0, 0, 0, 1, 4, '', '', 0, 1, 4, 12, 0, 2, 0, 0),
	('20180619165817003', '53', 53, '', 0, 0, 0, 0, 1, 4, '', '', 0, 1, 4, 12, 0, 3, 0, 0),
	('20180619165821000', '54', 54, '', 0, 0, 0, 0, 1, 4, '', '', 0, 1, 4, 12, 0, 0, 0, 0),
	('20180619165821001', '54', 54, '', 0, 0, 0, 0, 1, 4, '', '', 0, 1, 4, 12, 0, 1, 0, 0),
	('20180619165821002', '54', 54, '', 0, 0, 0, 0, 1, 4, '', '', 0, 1, 4, 12, 0, 2, 0, 0),
	('20180619165821003', '54', 54, '', 0, 0, 0, 0, 1, 4, '', '', 0, 1, 4, 12, 0, 3, 0, 0),
	('20180619165825000', '55', 55, '', 0, 0, 0, 0, 1, 4, '', '', 0, 1, 4, 12, 0, 0, 0, 0),
	('20180619165825001', '55', 55, '', 0, 0, 0, 0, 1, 4, '', '', 0, 1, 4, 12, 0, 1, 0, 0),
	('20180619165825002', '55', 55, '', 0, 0, 0, 0, 1, 4, '', '', 0, 1, 4, 12, 0, 2, 0, 0),
	('20180619165825003', '55', 55, '', 0, 0, 0, 0, 1, 4, '', '', 0, 1, 4, 12, 0, 3, 0, 0),
	('20180619165828000', '56', 56, '', 0, 0, 0, 0, 1, 4, '', '', 0, 1, 4, 12, 0, 0, 0, 0),
	('20180619165828001', '56', 56, '', 0, 0, 0, 0, 1, 4, '', '', 0, 1, 4, 12, 0, 1, 0, 0),
	('20180619165828002', '56', 56, '', 0, 0, 0, 0, 1, 4, '', '', 0, 1, 4, 12, 0, 2, 0, 0),
	('20180619165828003', '56', 56, '', 0, 0, 0, 0, 1, 4, '', '', 0, 1, 4, 12, 0, 3, 0, 0),
	('20180619165832000', '57', 57, '', 0, 0, 0, 0, 1, 4, '', '', 0, 1, 4, 12, 0, 0, 0, 0),
	('20180619165832001', '57', 57, '', 0, 0, 0, 0, 1, 4, '', '', 0, 1, 4, 12, 0, 1, 0, 0),
	('20180619165832002', '57', 57, '', 0, 0, 0, 0, 1, 4, '', '', 0, 1, 4, 12, 0, 2, 0, 0),
	('20180619165832003', '57', 57, '', 0, 0, 0, 0, 1, 4, '', '', 0, 1, 4, 12, 0, 3, 0, 0),
	('20180619165835000', '58', 58, '', 0, 0, 0, 0, 1, 4, '', '', 0, 1, 4, 12, 0, 0, 0, 0),
	('20180619165835001', '58', 58, '', 0, 0, 0, 0, 1, 4, '', '', 0, 1, 4, 12, 0, 1, 0, 0),
	('20180619165835002', '58', 58, '', 0, 0, 0, 0, 1, 4, '', '', 0, 1, 4, 12, 0, 2, 0, 0),
	('20180619165835003', '58', 58, '', 0, 0, 0, 0, 1, 4, '', '', 0, 1, 4, 12, 0, 3, 0, 0),
	('20180619165839000', '59', 59, '', 0, 0, 0, 0, 1, 4, '', '', 0, 1, 4, 12, 0, 0, 0, 0),
	('20180619165839001', '59', 59, '', 0, 0, 0, 0, 1, 4, '', '', 0, 1, 4, 12, 0, 1, 0, 0),
	('20180619165839002', '59', 59, '', 0, 0, 0, 0, 1, 4, '', '', 0, 1, 4, 12, 0, 2, 0, 0),
	('20180619165839003', '59', 59, '', 0, 0, 0, 0, 1, 4, '', '', 0, 1, 4, 12, 0, 3, 0, 0),
	('20180619165843000', '60', 60, '', 0, 0, 0, 0, 1, 4, '', '', 0, 1, 4, 12, 0, 0, 0, 0),
	('20180619165843001', '60', 60, '', 0, 0, 0, 0, 1, 4, '', '', 0, 1, 4, 12, 0, 1, 0, 0),
	('20180619165843002', '60', 60, '', 0, 0, 0, 0, 1, 4, '', '', 0, 1, 4, 12, 0, 2, 0, 0),
	('20180619165843003', '60', 60, '', 0, 0, 0, 0, 1, 4, '', '', 0, 1, 4, 12, 0, 3, 0, 0),
	('20180619165846000', '61', 61, '', 0, 0, 0, 0, 1, 4, '', '', 0, 1, 4, 12, 0, 0, 0, 0),
	('20180619165846001', '61', 61, '', 0, 0, 0, 0, 1, 4, '', '', 0, 1, 4, 12, 0, 1, 0, 0),
	('20180619165846002', '61', 61, '', 0, 0, 0, 0, 1, 4, '', '', 0, 1, 4, 12, 0, 2, 0, 0),
	('20180619165846003', '61', 61, '', 0, 0, 0, 0, 1, 4, '', '', 0, 1, 4, 12, 0, 3, 0, 0),
	('20180619165850000', '62', 62, '', 0, 0, 0, 0, 1, 4, '', '', 0, 1, 4, 12, 0, 0, 0, 0),
	('20180619165850001', '62', 62, '', 0, 0, 0, 0, 1, 4, '', '', 0, 1, 4, 12, 0, 1, 0, 0),
	('20180619165850002', '62', 62, '', 0, 0, 0, 0, 1, 4, '', '', 0, 1, 4, 12, 0, 2, 0, 0),
	('20180619165850003', '62', 62, '', 0, 0, 0, 0, 1, 4, '', '', 0, 1, 4, 12, 0, 3, 0, 0),
	('20180619165855000', '63', 63, '', 0, 0, 0, 0, 1, 4, '', '', 0, 1, 4, 12, 0, 0, 0, 0),
	('20180619165855001', '63', 63, '', 0, 0, 0, 0, 1, 4, '', '', 0, 1, 4, 12, 0, 1, 0, 0),
	('20180619165855002', '63', 63, '', 0, 0, 0, 0, 1, 4, '', '', 0, 1, 4, 12, 0, 2, 0, 0),
	('20180619165855003', '63', 63, '', 0, 0, 0, 0, 1, 4, '', '', 0, 1, 4, 12, 0, 3, 0, 0),
	('20180619165858000', '64', 64, '', 0, 0, 0, 0, 1, 4, '', '', 0, 1, 4, 12, 0, 0, 0, 0),
	('20180619165858001', '64', 64, '', 0, 0, 0, 0, 1, 4, '', '', 0, 1, 4, 12, 0, 1, 0, 0),
	('20180619165858002', '64', 64, '', 0, 0, 0, 0, 1, 4, '', '', 0, 1, 4, 12, 0, 2, 0, 0),
	('20180619165858003', '64', 64, '', 0, 0, 0, 0, 1, 4, '', '', 0, 1, 4, 12, 0, 3, 0, 0),
	('20180619165901000', '65', 65, '', 0, 0, 0, 0, 1, 4, '', '', 0, 1, 4, 12, 0, 0, 0, 0),
	('20180619165901001', '65', 65, '', 0, 0, 0, 0, 1, 4, '', '', 0, 1, 4, 12, 0, 1, 0, 0),
	('20180619165901002', '65', 65, '', 0, 0, 0, 0, 1, 4, '', '', 0, 1, 4, 12, 0, 2, 0, 0),
	('20180619165901003', '65', 65, '', 0, 0, 0, 0, 1, 4, '', '', 0, 1, 4, 12, 0, 3, 0, 0),
	('20180619165906000', '66', 66, '', 0, 0, 0, 0, 1, 4, '', '', 0, 1, 4, 12, 0, 0, 0, 0),
	('20180619165906001', '66', 66, '', 0, 0, 0, 0, 1, 4, '', '', 0, 1, 4, 12, 0, 1, 0, 0),
	('20180619165906002', '66', 66, '', 0, 0, 0, 0, 1, 4, '', '', 0, 1, 4, 12, 0, 2, 0, 0),
	('20180619165906003', '66', 66, '', 0, 0, 0, 0, 1, 4, '', '', 0, 1, 4, 12, 0, 3, 0, 0),
	('20180619165909000', '67', 67, '', 0, 0, 0, 0, 1, 4, '', '', 0, 1, 4, 12, 0, 0, 0, 0),
	('20180619165909001', '67', 67, '', 0, 0, 0, 0, 1, 4, '', '', 0, 1, 4, 12, 0, 1, 0, 0),
	('20180619165909002', '67', 67, '', 0, 0, 0, 0, 1, 4, '', '', 0, 1, 4, 12, 0, 2, 0, 0),
	('20180619165909003', '67', 67, '', 0, 0, 0, 0, 1, 4, '', '', 0, 1, 4, 12, 0, 3, 0, 0),
	('20180619165913000', '68', 68, '', 0, 0, 0, 0, 1, 4, '', '', 0, 1, 4, 12, 0, 0, 0, 0),
	('20180619165913001', '68', 68, '', 0, 0, 0, 0, 1, 4, '', '', 0, 1, 4, 12, 0, 1, 0, 0),
	('20180619165913002', '68', 68, '', 0, 0, 0, 0, 1, 4, '', '', 0, 1, 4, 12, 0, 2, 0, 0),
	('20180619165913003', '68', 68, '', 0, 0, 0, 0, 1, 4, '', '', 0, 1, 4, 12, 0, 3, 0, 0),
	('20180619165918000', '69', 69, '', 0, 0, 0, 0, 1, 4, '', '', 0, 1, 4, 12, 0, 0, 0, 0),
	('20180619165918001', '69', 69, '', 0, 0, 0, 0, 1, 4, '', '', 0, 1, 4, 12, 0, 1, 0, 0),
	('20180619165918002', '69', 69, '', 0, 0, 0, 0, 1, 4, '', '', 0, 1, 4, 12, 0, 2, 0, 0),
	('20180619165918003', '69', 69, '', 0, 0, 0, 0, 1, 4, '', '', 0, 1, 4, 12, 0, 3, 0, 0),
	('20180619165921000', '70', 70, '', 0, 0, 0, 0, 1, 4, '', '', 0, 1, 4, 12, 0, 0, 0, 0),
	('20180619165921001', '70', 70, '', 0, 0, 0, 0, 1, 4, '', '', 0, 1, 4, 12, 0, 1, 0, 0),
	('20180619165921002', '70', 70, '', 0, 0, 0, 0, 1, 4, '', '', 0, 1, 4, 12, 0, 2, 0, 0),
	('20180619165921003', '70', 70, '', 0, 0, 0, 0, 1, 4, '', '', 0, 1, 4, 12, 0, 3, 0, 0),
	('20180619165925000', '71', 71, '', 0, 0, 0, 0, 1, 4, '', '', 0, 1, 4, 12, 0, 0, 0, 0),
	('20180619165925001', '71', 71, '', 0, 0, 0, 0, 1, 4, '', '', 0, 1, 4, 12, 0, 1, 0, 0),
	('20180619165925002', '71', 71, '', 0, 0, 0, 0, 1, 4, '', '', 0, 1, 4, 12, 0, 2, 0, 0),
	('20180619165925003', '71', 71, '', 0, 0, 0, 0, 1, 4, '', '', 0, 1, 4, 12, 0, 3, 0, 0),
	('20180619165929000', '72', 72, '', 0, 0, 0, 0, 1, 4, '', '', 0, 1, 4, 12, 0, 0, 0, 0),
	('20180619165929001', '72', 72, '', 0, 0, 0, 0, 1, 4, '', '', 0, 1, 4, 12, 0, 1, 0, 0),
	('20180619165929002', '72', 72, '', 0, 0, 0, 0, 1, 4, '', '', 0, 1, 4, 12, 0, 2, 0, 0),
	('20180619165929003', '72', 72, '', 0, 0, 0, 0, 1, 4, '', '', 0, 1, 4, 12, 0, 3, 0, 0),
	('20180619165932000', '73', 73, '', 0, 0, 0, 0, 1, 4, '', '', 0, 1, 4, 12, 0, 0, 0, 0),
	('20180619165932001', '73', 73, '', 0, 0, 0, 0, 1, 4, '', '', 0, 1, 4, 12, 0, 1, 0, 0),
	('20180619165932002', '73', 73, '', 0, 0, 0, 0, 1, 4, '', '', 0, 1, 4, 12, 0, 2, 0, 0),
	('20180619165932003', '73', 73, '', 0, 0, 0, 0, 1, 4, '', '', 0, 1, 4, 12, 0, 3, 0, 0),
	('20180619165935000', '74', 74, '', 0, 0, 0, 0, 1, 4, '', '', 0, 1, 4, 12, 0, 0, 0, 0),
	('20180619165935001', '74', 74, '', 0, 0, 0, 0, 1, 4, '', '', 0, 1, 4, 12, 0, 1, 0, 0),
	('20180619165935002', '74', 74, '', 0, 0, 0, 0, 1, 4, '', '', 0, 1, 4, 12, 0, 2, 0, 0),
	('20180619165935003', '74', 74, '', 0, 0, 0, 0, 1, 4, '', '', 0, 1, 4, 12, 0, 3, 0, 0),
	('20180619165939000', '75', 75, '', 0, 0, 0, 0, 1, 4, '', '', 0, 1, 4, 12, 0, 0, 0, 0),
	('20180619165939001', '75', 75, '', 0, 0, 0, 0, 1, 4, '', '', 0, 1, 4, 12, 0, 1, 0, 0),
	('20180619165939002', '75', 75, '', 0, 0, 0, 0, 1, 4, '', '', 0, 1, 4, 12, 0, 2, 0, 0),
	('20180619165939003', '75', 75, '', 0, 0, 0, 0, 1, 4, '', '', 0, 1, 4, 12, 0, 3, 0, 0),
	('20180619165943000', '76', 76, '', 0, 0, 0, 0, 1, 4, '', '', 0, 1, 4, 12, 0, 0, 0, 0),
	('20180619165943001', '76', 76, '', 0, 0, 0, 0, 1, 4, '', '', 0, 1, 4, 12, 0, 1, 0, 0),
	('20180619165943002', '76', 76, '', 0, 0, 0, 0, 1, 4, '', '', 0, 1, 4, 12, 0, 2, 0, 0),
	('20180619165943003', '76', 76, '', 0, 0, 0, 0, 1, 4, '', '', 0, 1, 4, 12, 0, 3, 0, 0),
	('20180619165947000', '77', 77, '', 0, 0, 0, 0, 1, 4, '', '', 0, 1, 4, 12, 0, 0, 0, 0),
	('20180619165947001', '77', 77, '', 0, 0, 0, 0, 1, 4, '', '', 0, 1, 4, 12, 0, 1, 0, 0),
	('20180619165947002', '77', 77, '', 0, 0, 0, 0, 1, 4, '', '', 0, 1, 4, 12, 0, 2, 0, 0),
	('20180619165947003', '77', 77, '', 0, 0, 0, 0, 1, 4, '', '', 0, 1, 4, 12, 0, 3, 0, 0),
	('20180619165950000', '78', 78, '', 0, 0, 0, 0, 1, 4, '', '', 0, 1, 4, 12, 0, 0, 0, 0),
	('20180619165950001', '78', 78, '', 0, 0, 0, 0, 1, 4, '', '', 0, 1, 4, 12, 0, 1, 0, 0),
	('20180619165950002', '78', 78, '', 0, 0, 0, 0, 1, 4, '', '', 0, 1, 4, 12, 0, 2, 0, 0),
	('20180619165950003', '78', 78, '', 0, 0, 0, 0, 1, 4, '', '', 0, 1, 4, 12, 0, 3, 0, 0),
	('20180619165954000', '79', 79, '', 0, 0, 0, 0, 1, 4, '', '', 0, 1, 4, 12, 0, 0, 0, 0),
	('20180619165954001', '79', 79, '', 0, 0, 0, 0, 1, 4, '', '', 0, 1, 4, 12, 0, 1, 0, 0),
	('20180619165954002', '79', 79, '', 0, 0, 0, 0, 1, 4, '', '', 0, 1, 4, 12, 0, 2, 0, 0),
	('20180619165954003', '79', 79, '', 0, 0, 0, 0, 1, 4, '', '', 0, 1, 4, 12, 0, 3, 0, 0),
	('20180619165959000', '80', 80, '', 0, 0, 0, 0, 1, 4, '', '', 0, 1, 4, 12, 0, 0, 0, 0),
	('20180619165959001', '80', 80, '', 0, 0, 0, 0, 1, 4, '', '', 0, 1, 4, 12, 0, 1, 0, 0),
	('20180619165959002', '80', 80, '', 0, 0, 0, 0, 1, 4, '', '', 0, 1, 4, 12, 0, 2, 0, 0),
	('20180619165959003', '80', 80, '', 0, 0, 0, 0, 1, 4, '', '', 0, 1, 4, 12, 0, 3, 0, 0),
	('20180620091311000', '1', 1, '', 0, 0, 1, 0, 1, 4, '', '', 0, 1, 4, 12, 0, 0, 0, 0),
	('20180620091311001', '1', 1, '', 0, 0, 1, 0, 1, 4, '', '', 0, 1, 4, 12, 0, 1, 0, 0),
	('20180621111722000', '1', 1, '', 0, 0, 1, 0, 1, 4, '', '', 0, 1, 4, 12, 0, 0, 0, 0),
	('20180621111722001', '1', 1, '', 0, 0, 1, 0, 1, 4, '', '', 0, 1, 4, 12, 0, 1, 0, 0),
	('20180621111722002', '1', 1, '', 0, 0, 1, 0, 1, 4, '', '', 0, 1, 4, 12, 0, 2, 0, 0),
	('20180621111722003', '1', 1, '', 0, 0, 1, 0, 1, 4, '', '', 0, 1, 4, 12, 0, 3, 0, 0),
	('20180621160935000', '2', 2, '', 0, 0, 2, 0, 1, 4, '', '', 0, 1, 4, 12, 0, 0, 0, 0),
	('20180621160935001', '2', 2, '', 0, 0, 2, 0, 1, 4, '', '', 0, 1, 4, 12, 0, 1, 0, 0),
	('20180621160935002', '2', 2, '', 0, 0, 2, 0, 1, 4, '', '', 0, 1, 4, 12, 0, 2, 0, 0),
	('20180621160935003', '2', 2, '', 0, 0, 2, 0, 1, 4, '', '', 0, 1, 4, 12, 0, 3, 0, 0),
	('20180622173432000', '1', 1, '', 0, 0, 1, 0, 1, 4, '', '', 0, 1, 4, 12, 0, 0, 0, 0),
	('20180622173432001', '1', 1, '', 0, 0, 1, 0, 1, 4, '', '', 0, 1, 4, 12, 0, 1, 0, 0),
	('20180622173432002', '1', 1, '', 0, 0, 1, 0, 1, 4, '', '', 0, 1, 4, 12, 0, 2, 0, 0),
	('20180622173432003', '1', 1, '', 0, 0, 1, 0, 1, 4, '', '', 0, 1, 4, 12, 0, 3, 0, 0),
	('20180622173435000', '2', 2, '', 0, 0, 2, 0, 1, 4, '', '', 0, 1, 4, 12, 0, 0, 0, 0),
	('20180622173435001', '2', 2, '', 0, 0, 2, 0, 1, 4, '', '', 0, 1, 4, 12, 0, 1, 0, 0),
	('20180622173435002', '2', 2, '', 0, 0, 2, 0, 1, 4, '', '', 0, 1, 4, 12, 0, 2, 0, 0),
	('20180622173435003', '2', 2, '', 0, 0, 2, 0, 1, 4, '', '', 0, 1, 4, 12, 0, 3, 0, 0),
	('20180704164407000', '1', 1, '', 0, 0, 1, 0, 1, 4, '', '', 0, 1997293550, 1, 4, 0, 2, 0, 0),
	('20180705125439000', '1', 1, '', 0, 0, 1, 0, 1, 4, '', '', 0, 1997293550, 1, 172, 12, 1, 0, 0),
	('20180705153913000', '2', 2, '', 0, 0, 2, 0, 1, 4, '', '', 0, 1997293550, 1, 4, 12, 2, 0, 0),
	('20180705154730000', '3', 3, '', 0, 0, 3, 0, 1, 4, '', '', 0, 1997293550, 1, 4, 12, 3, 0, 0),
	('20180705173803000', '3', 3, '', 0, 0, 4, 0, 1, 4, '', '', 0, 1997293550, 1, 4, 12, 1, 0, 0),
	('20180615085211000', '1', 1, '', 0, 0, 1, 0, 1, 4, '', '', 0, 1, 4, 12, 0, 0, 0, 0),
	('20180615085211001', '1', 1, '', 0, 0, 1, 0, 1, 4, '', '', 0, 1, 4, 12, 0, 1, 0, 0),
	('20180615085211002', '1', 1, '', 0, 0, 1, 0, 1, 4, '', '', 0, 1, 4, 12, 0, 2, 0, 0),
	('20180615085214000', '2', 2, '', 0, 0, 2, 0, 1, 4, '', '', 0, 1, 4, 12, 0, 3, 0, 0),
	('20180615085220000', '8', 8, '', 0, 0, 3, 0, 1, 4, '', '', 0, 1, 4, 12, 0, 3, 0, 0),
	('20180615085225000', '3', 3, '', 0, 0, 4, 0, 1, 4, '', '', 0, 1, 4, 12, 0, 0, 0, 0),
	('20180615085234000', '4', 4, '', 0, 0, 5, 0, 1, 4, '', '', 0, 1, 4, 12, 0, 2, 0, 0),
	('20180615085512000', '5', 5, '', 0, 0, 6, 0, 1, 4, '', '', 0, 1, 4, 12, 0, 1, 0, 0),
	('20180615085512001', '5', 5, '', 0, 0, 6, 0, 1, 4, '', '', 0, 1, 4, 12, 0, 2, 0, 0),
	('20180615085623000', '234', 234, '', 0, 0, 7, 0, 1, 4, '', '', 0, 1, 4, 12, 0, 0, 0, 0),
	('20180615085623001', '234', 234, '', 0, 0, 7, 0, 1, 4, '', '', 0, 1, 4, 12, 0, 1, 0, 0),
	('20180615085636000', '6', 6, '', 0, 0, 40, 0, 1, 4, '', '', 0, 1, 4, 12, 0, 2, 0, 0),
	('20180615133803000', '7', 7, '', 0, 0, 8, 0, 1, 4, '', '', 0, 1, 4, 12, 0, 0, 0, 0),
	('20180615133803001', '7', 7, '', 0, 0, 8, 0, 1, 4, '', '', 0, 1, 4, 12, 0, 1, 0, 0),
	('20180615133813000', '9', 9, '', 0, 0, 9, 0, 1, 4, '', '', 0, 1, 4, 12, 0, 0, 0, 0),
	('20180615133813001', '9', 9, '', 0, 0, 9, 0, 1, 4, '', '', 0, 1, 4, 12, 0, 1, 0, 0),
	('20180615133813002', '9', 9, '', 0, 0, 9, 0, 1, 4, '', '', 0, 1, 4, 12, 0, 2, 0, 0),
	('20180615133813003', '9', 9, '', 0, 0, 9, 0, 1, 4, '', '', 0, 1, 4, 12, 0, 3, 0, 0),
	('20180615133848000', '10', 10, '', 0, 0, 10, 0, 0, 4, '', '', 0, 1, 4, 12, 0, 0, 0, 0),
	('20180615133903000', '11', 11, '', 0, 0, 11, 0, 0, 4, '', '', 0, 1, 4, 12, 0, 0, 0, 0),
	('20180615133903001', '11', 11, '', 0, 0, 11, 0, 0, 4, '', '', 0, 1, 4, 12, 0, 1, 0, 0),
	('20180615133903002', '11', 11, '', 0, 0, 11, 0, 0, 4, '', '', 0, 1, 4, 12, 0, 2, 0, 0),
	('20180615133908000', '12', 12, '', 0, 0, 12, 0, 0, 4, '', '', 0, 1, 4, 12, 0, 0, 0, 0),
	('20180615133912000', '13', 13, '', 0, 0, 13, 0, 0, 4, '', '', 0, 1, 4, 12, 0, 1, 0, 0),
	('20180615133914000', '14', 14, '', 0, 0, 14, 0, 0, 4, '', '', 0, 1, 4, 12, 0, 2, 0, 0),
	('20180615133917000', '15', 15, '', 0, 0, 15, 0, 0, 4, '', '', 0, 1, 4, 12, 0, 2, 0, 0),
	('20180615133919000', '16', 16, '', 0, 0, 16, 0, 0, 4, '', '', 0, 1, 4, 12, 0, 2, 0, 0),
	('20180615133921000', '17', 17, '', 0, 0, 17, 0, 0, 4, '', '', 0, 1, 4, 12, 0, 2, 0, 0),
	('20180615133923000', '18', 18, '', 0, 0, 18, 0, 0, 4, '', '', 0, 1, 4, 12, 0, 3, 0, 0),
	('20180615133926000', '19', 19, '', 0, 0, 19, 0, 0, 4, '', '', 0, 1, 4, 12, 0, 2, 0, 0),
	('20180615133931000', '20', 20, '', 0, 0, 20, 0, 0, 4, '', '', 0, 1, 4, 12, 0, 3, 0, 0),
	('20180615134040000', '21', 21, '', 0, 0, 21, 0, 0, 4, '', '', 0, 1, 4, 12, 0, 2, 0, 0),
	('20180615134047000', '22', 22, '', 0, 0, 22, 0, 0, 4, '', '', 0, 1, 4, 12, 0, 3, 0, 0),
	('20180615134054000', '23', 23, '', 0, 0, 23, 0, 0, 4, '', '', 0, 1, 4, 12, 0, 3, 0, 0),
	('20180615134058000', '24', 24, '', 0, 0, 24, 0, 0, 4, '', '', 0, 1, 4, 12, 0, 1, 0, 0),
	('20180615134101000', '25', 25, '', 0, 0, 25, 0, 0, 4, '', '', 0, 1, 4, 12, 0, 2, 0, 0),
	('20180615134104000', '26', 26, '', 0, 0, 26, 0, 0, 4, '', '', 0, 1, 4, 12, 0, 3, 0, 0),
	('20180615134107000', '27', 27, '', 0, 0, 27, 0, 0, 4, '', '', 0, 1, 4, 12, 0, 3, 0, 0),
	('20180615134111000', '28', 28, '', 0, 0, 28, 0, 0, 4, '', '', 0, 1, 4, 12, 0, 3, 0, 0),
	('20180615134113000', '29', 29, '', 0, 0, 29, 0, 0, 4, '', '', 0, 1, 4, 12, 0, 2, 0, 0),
	('20180615134116000', '30', 30, '', 0, 0, 30, 0, 0, 4, '', '', 0, 1, 4, 12, 0, 2, 0, 0),
	('20180615134119000', '31', 31, '', 0, 0, 31, 0, 0, 4, '', '', 0, 1, 4, 12, 0, 2, 0, 0),
	('20180615134122000', '32', 32, '', 0, 0, 32, 0, 0, 4, '', '', 0, 1, 4, 12, 0, 2, 0, 0),
	('20180615134124000', '33', 33, '', 0, 0, 33, 0, 0, 4, '', '', 0, 1, 4, 12, 0, 3, 0, 0),
	('20180615134126000', '34', 34, '', 0, 0, 34, 0, 0, 4, '', '', 0, 1, 4, 12, 0, 3, 0, 0),
	('20180615134129000', '35', 35, '', 0, 0, 35, 0, 0, 4, '', '', 0, 1, 4, 12, 0, 3, 0, 0),
	('20180615134134000', '36', 36, '', 0, 0, 36, 0, 0, 4, '', '', 0, 1, 4, 12, 0, 3, 0, 0),
	('20180615134138000', '37', 37, '', 0, 0, 37, 0, 0, 4, '', '', 0, 1, 4, 12, 0, 3, 0, 0),
	('20180615134141000', '38', 38, '', 0, 0, 38, 0, 0, 4, '', '', 0, 1, 4, 12, 0, 3, 0, 0),
	('20180615134143000', '39', 39, '', 0, 0, 39, 0, 0, 4, '', '', 0, 1, 4, 12, 0, 3, 0, 0),
	('20180615134203000', '40', 40, '', 0, 0, 0, 0, 0, 4, '', '', 0, 1, 4, 12, 0, 3, 0, 0),
	('20180616052921000', '1', 1, '', 0, 0, 1, 0, 1, 4, '', '', 0, 1, 4, 12, 0, 0, 0, 0),
	('20180616052921001', '1', 1, '', 0, 0, 1, 0, 1, 4, '', '', 0, 1, 4, 12, 0, 1, 0, 0),
	('20180617045917000', '1', 1, '', 0, 0, 1, 0, 1, 4, '', '', 0, 1, 4, 12, 0, 1, 0, 0),
	('20180617045933000', '2', 2, '', 0, 0, 2, 0, 1, 4, '', '', 0, 1, 4, 12, 0, 0, 0, 0),
	('20180617045933001', '2', 2, '', 0, 0, 2, 0, 1, 4, '', '', 0, 1, 4, 12, 0, 1, 0, 0),
	('20180617045933002', '2', 2, '', 0, 0, 2, 0, 1, 4, '', '', 0, 1, 4, 12, 0, 2, 0, 0),
	('20180617045933003', '2', 2, '', 0, 0, 2, 0, 1, 4, '', '', 0, 1, 4, 12, 0, 3, 0, 0),
	('20180617045944000', '3', 3, '', 0, 0, 3, 0, 1, 4, '', '', 0, 1, 4, 12, 0, 0, 0, 0),
	('20180617045944001', '3', 3, '', 0, 0, 3, 0, 1, 4, '', '', 0, 1, 4, 12, 0, 1, 0, 0),
	('20180617045944002', '3', 3, '', 0, 0, 3, 0, 1, 4, '', '', 0, 1, 4, 12, 0, 2, 0, 0),
	('20180617045944003', '3', 3, '', 0, 0, 3, 0, 1, 4, '', '', 0, 1, 4, 12, 0, 3, 0, 0),
	('20180617052758000', '4', 4, '', 0, 0, 4, 0, 1, 4, '', '', 0, 1, 4, 12, 0, 0, 0, 0),
	('20180617052758001', '4', 4, '', 0, 0, 4, 0, 1, 4, '', '', 0, 1, 4, 12, 0, 1, 0, 0),
	('20180617052758002', '4', 4, '', 0, 0, 4, 0, 1, 4, '', '', 0, 1, 4, 12, 0, 2, 0, 0),
	('20180617052758003', '4', 4, '', 0, 0, 4, 0, 1, 4, '', '', 0, 1, 4, 12, 0, 3, 0, 0),
	('20180617052814000', '5', 5, '', 0, 0, 5, 0, 1, 4, '', '', 0, 0, 1, 12, 0, 0, 0, 0),
	('20180617052814001', '5', 5, '', 0, 0, 5, 0, 1, 4, '', '', 0, 0, 1, 12, 0, 1, 0, 0),
	('20180617052814002', '5', 5, '', 0, 0, 5, 0, 1, 4, '', '', 0, 0, 1, 12, 0, 2, 0, 0),
	('20180617052814003', '5', 5, '', 0, 0, 5, 0, 1, 4, '', '', 0, 0, 1, 12, 0, 3, 0, 0),
	('20180617052836000', '6', 6, '', 0, 0, 6, 0, 1, 4, '', '', 0, 0, 1, 12, 0, 0, 0, 0),
	('20180617052836001', '6', 6, '', 0, 0, 6, 0, 1, 4, '', '', 0, 0, 1, 12, 0, 1, 0, 0),
	('20180617052836002', '6', 6, '', 0, 0, 6, 0, 1, 4, '', '', 0, 0, 1, 12, 0, 2, 0, 0),
	('20180617052836003', '6', 6, '', 0, 0, 6, 0, 1, 4, '', '', 0, 0, 1, 12, 0, 3, 0, 0),
	('20180617052842000', '7', 7, '', 0, 0, 7, 0, 1, 4, '', '', 0, 0, 1, 12, 0, 0, 0, 0),
	('20180617052842001', '7', 7, '', 0, 0, 7, 0, 1, 4, '', '', 0, 0, 1, 12, 0, 1, 0, 0),
	('20180617052842002', '7', 7, '', 0, 0, 7, 0, 1, 4, '', '', 0, 0, 1, 12, 0, 2, 0, 0),
	('20180617052842003', '7', 7, '', 0, 0, 7, 0, 1, 4, '', '', 0, 0, 1, 12, 0, 3, 0, 0),
	('20180617052846000', '8', 8, '', 0, 0, 8, 0, 1, 4, '', '', 0, 0, 1, 12, 0, 0, 0, 0),
	('20180617052846001', '8', 8, '', 0, 0, 8, 0, 1, 4, '', '', 0, 0, 1, 12, 0, 1, 0, 0),
	('20180617052846002', '8', 8, '', 0, 0, 8, 0, 1, 4, '', '', 0, 0, 1, 12, 0, 2, 0, 0),
	('20180617052846003', '8', 8, '', 0, 0, 8, 0, 1, 4, '', '', 0, 0, 1, 12, 0, 3, 0, 0),
	('20180617052852000', '9', 9, '', 0, 0, 9, 0, 1, 4, '', '', 0, 0, 1, 12, 0, 0, 0, 0),
	('20180617052852001', '9', 9, '', 0, 0, 9, 0, 1, 4, '', '', 0, 0, 1, 12, 0, 1, 0, 0),
	('20180617052852002', '9', 9, '', 0, 0, 9, 0, 1, 4, '', '', 0, 0, 1, 12, 0, 2, 0, 0),
	('20180617052852003', '9', 9, '', 0, 0, 9, 0, 1, 4, '', '', 0, 0, 1, 12, 0, 3, 0, 0),
	('20180617052856000', '10', 10, '', 0, 0, 10, 0, 1, 4, '', '', 0, 0, 1, 12, 0, 0, 0, 0),
	('20180617052856001', '10', 10, '', 0, 0, 10, 0, 1, 4, '', '', 0, 0, 1, 12, 0, 1, 0, 0),
	('20180617052856002', '10', 10, '', 0, 0, 10, 0, 1, 4, '', '', 0, 0, 1, 12, 0, 2, 0, 0),
	('20180617052856003', '10', 10, '', 0, 0, 10, 0, 1, 4, '', '', 0, 0, 1, 12, 0, 3, 0, 0),
	('20180617052900000', '11', 11, '', 0, 0, 11, 0, 1, 4, '', '', 0, 0, 1, 12, 0, 0, 0, 0),
	('20180617052900001', '11', 11, '', 0, 0, 11, 0, 1, 4, '', '', 0, 0, 1, 12, 0, 1, 0, 0),
	('20180617052900002', '11', 11, '', 0, 0, 11, 0, 1, 4, '', '', 0, 0, 1, 12, 0, 2, 0, 0),
	('20180617052900003', '11', 11, '', 0, 0, 11, 0, 1, 4, '', '', 0, 0, 1, 12, 0, 3, 0, 0),
	('20180617052903000', '12', 12, '', 0, 0, 12, 0, 1, 4, '', '', 0, 0, 1, 12, 0, 0, 0, 0),
	('20180617052903001', '12', 12, '', 0, 0, 12, 0, 1, 4, '', '', 0, 0, 1, 12, 0, 1, 0, 0),
	('20180617052903002', '12', 12, '', 0, 0, 12, 0, 1, 4, '', '', 0, 0, 1, 12, 0, 2, 0, 0),
	('20180617052903003', '12', 12, '', 0, 0, 12, 0, 1, 4, '', '', 0, 0, 1, 12, 0, 3, 0, 0),
	('20180617052907000', '13', 13, '', 0, 0, 13, 0, 1, 4, '', '', 0, 0, 1, 12, 0, 0, 0, 0),
	('20180617052907001', '13', 13, '', 0, 0, 13, 0, 1, 4, '', '', 0, 0, 1, 12, 0, 1, 0, 0),
	('20180617052907002', '13', 13, '', 0, 0, 13, 0, 1, 4, '', '', 0, 0, 1, 12, 0, 2, 0, 0),
	('20180617052907003', '13', 13, '', 0, 0, 13, 0, 1, 4, '', '', 0, 0, 1, 12, 0, 3, 0, 0),
	('20180617052910000', '14', 14, '', 0, 0, 14, 0, 1, 4, '', '', 0, 1, 4, 12, 0, 0, 0, 0),
	('20180617052910001', '14', 14, '', 0, 0, 14, 0, 1, 4, '', '', 0, 1, 4, 12, 0, 1, 0, 0),
	('20180617052910002', '14', 14, '', 0, 0, 14, 0, 1, 4, '', '', 0, 1, 4, 12, 0, 2, 0, 0),
	('20180617052910003', '14', 14, '', 0, 0, 14, 0, 1, 4, '', '', 0, 1, 4, 12, 0, 3, 0, 0),
	('20180617052913000', '15', 15, '', 0, 0, 15, 0, 1, 4, '', '', 0, 0, 1, 12, 0, 0, 0, 0),
	('20180617052913001', '15', 15, '', 0, 0, 15, 0, 1, 4, '', '', 0, 0, 1, 12, 0, 1, 0, 0),
	('20180617052913002', '15', 15, '', 0, 0, 15, 0, 1, 4, '', '', 0, 0, 1, 12, 0, 2, 0, 0),
	('20180617052913003', '15', 15, '', 0, 0, 15, 0, 1, 4, '', '', 0, 0, 1, 12, 0, 3, 0, 0),
	('20180617052917000', '16', 16, '', 0, 0, 16, 0, 1, 4, '', '', 0, 0, 1, 12, 0, 0, 0, 0),
	('20180617052917001', '16', 16, '', 0, 0, 16, 0, 1, 4, '', '', 0, 0, 1, 12, 0, 1, 0, 0),
	('20180617052917002', '16', 16, '', 0, 0, 16, 0, 1, 4, '', '', 0, 0, 1, 12, 0, 2, 0, 0),
	('20180617052917003', '16', 16, '', 0, 0, 16, 0, 1, 4, '', '', 0, 0, 1, 12, 0, 3, 0, 0),
	('20180617052920000', '17', 17, '', 0, 0, 17, 0, 1, 4, '', '', 0, 0, 1, 12, 0, 0, 0, 0),
	('20180617052920001', '17', 17, '', 0, 0, 17, 0, 1, 4, '', '', 0, 0, 1, 12, 0, 1, 0, 0),
	('20180617052920002', '17', 17, '', 0, 0, 17, 0, 1, 4, '', '', 0, 0, 1, 12, 0, 2, 0, 0),
	('20180617052920003', '17', 17, '', 0, 0, 17, 0, 1, 4, '', '', 0, 0, 1, 12, 0, 3, 0, 0),
	('20180617052923000', '18', 18, '', 0, 0, 18, 0, 1, 4, '', '', 0, 0, 1, 12, 0, 0, 0, 0),
	('20180617052923001', '18', 18, '', 0, 0, 18, 0, 1, 4, '', '', 0, 0, 1, 12, 0, 1, 0, 0),
	('20180617052923002', '18', 18, '', 0, 0, 18, 0, 1, 4, '', '', 0, 0, 1, 12, 0, 2, 0, 0),
	('20180617052923003', '18', 18, '', 0, 0, 18, 0, 1, 4, '', '', 0, 0, 1, 12, 0, 3, 0, 0),
	('20180617052926000', '19', 19, '', 0, 0, 19, 0, 1, 4, '', '', 0, 0, 1, 12, 0, 0, 0, 0),
	('20180617052926001', '19', 19, '', 0, 0, 19, 0, 1, 4, '', '', 0, 0, 1, 12, 0, 1, 0, 0),
	('20180617052926002', '19', 19, '', 0, 0, 19, 0, 1, 4, '', '', 0, 0, 1, 12, 0, 2, 0, 0),
	('20180617052926003', '19', 19, '', 0, 0, 19, 0, 1, 4, '', '', 0, 0, 1, 12, 0, 3, 0, 0),
	('20180617052929000', '20', 20, '', 0, 0, 20, 0, 1, 4, '', '', 0, 0, 1, 12, 0, 0, 0, 0),
	('20180617052929001', '20', 20, '', 0, 0, 20, 0, 1, 4, '', '', 0, 0, 1, 12, 0, 1, 0, 0),
	('20180617052929002', '20', 20, '', 0, 0, 20, 0, 1, 4, '', '', 0, 0, 1, 12, 0, 2, 0, 0),
	('20180617052929003', '20', 20, '', 0, 0, 20, 0, 1, 4, '', '', 0, 0, 1, 12, 0, 3, 0, 0),
	('20180617052932000', '21', 21, '', 0, 0, 21, 0, 1, 4, '', '', 0, 0, 1, 12, 0, 0, 0, 0),
	('20180617052932001', '21', 21, '', 0, 0, 21, 0, 1, 4, '', '', 0, 0, 1, 12, 0, 1, 0, 0),
	('20180617052932002', '21', 21, '', 0, 0, 21, 0, 1, 4, '', '', 0, 0, 1, 12, 0, 2, 0, 0),
	('20180617052932003', '21', 21, '', 0, 0, 21, 0, 1, 4, '', '', 0, 0, 1, 12, 0, 3, 0, 0),
	('20180617052936000', '22', 22, '', 0, 0, 22, 0, 1, 4, '', '', 0, 0, 1, 12, 0, 0, 0, 0),
	('20180617052936001', '22', 22, '', 0, 0, 22, 0, 1, 4, '', '', 0, 0, 1, 12, 0, 1, 0, 0),
	('20180617052936002', '22', 22, '', 0, 0, 22, 0, 1, 4, '', '', 0, 0, 1, 12, 0, 2, 0, 0),
	('20180617052936003', '22', 22, '', 0, 0, 22, 0, 1, 4, '', '', 0, 0, 1, 12, 0, 3, 0, 0),
	('20180617052940000', '23', 23, '', 0, 0, 23, 0, 1, 4, '', '', 0, 0, 1, 12, 0, 0, 0, 0),
	('20180617052940001', '23', 23, '', 0, 0, 23, 0, 1, 4, '', '', 0, 0, 1, 12, 0, 1, 0, 0),
	('20180617052940002', '23', 23, '', 0, 0, 23, 0, 1, 4, '', '', 0, 0, 1, 12, 0, 2, 0, 0),
	('20180617052940003', '23', 23, '', 0, 0, 23, 0, 1, 4, '', '', 0, 0, 1, 12, 0, 3, 0, 0),
	('20180617052944000', '24', 24, '', 0, 0, 24, 0, 1, 4, '', '', 0, 0, 1, 12, 0, 0, 0, 0),
	('20180617052944001', '24', 24, '', 0, 0, 24, 0, 1, 4, '', '', 0, 0, 1, 12, 0, 1, 0, 0),
	('20180617052944002', '24', 24, '', 0, 0, 24, 0, 1, 4, '', '', 0, 0, 1, 12, 0, 2, 0, 0),
	('20180617052944003', '24', 24, '', 0, 0, 24, 0, 1, 4, '', '', 0, 0, 1, 12, 0, 3, 0, 0),
	('20180617052950000', '25', 25, '', 0, 0, 25, 0, 1, 4, '', '', 0, 0, 1, 12, 0, 0, 0, 0),
	('20180617052950001', '25', 25, '', 0, 0, 25, 0, 1, 4, '', '', 0, 0, 1, 12, 0, 1, 0, 0),
	('20180617052950002', '25', 25, '', 0, 0, 25, 0, 1, 4, '', '', 0, 0, 1, 12, 0, 2, 0, 0),
	('20180617052950003', '25', 25, '', 0, 0, 25, 0, 1, 4, '', '', 0, 0, 1, 12, 0, 3, 0, 0),
	('20180617052953000', '26', 26, '', 0, 0, 26, 0, 1, 4, '', '', 0, 0, 1, 12, 0, 0, 0, 0),
	('20180617052953001', '26', 26, '', 0, 0, 26, 0, 1, 4, '', '', 0, 0, 1, 12, 0, 1, 0, 0),
	('20180617052953002', '26', 26, '', 0, 0, 26, 0, 1, 4, '', '', 0, 0, 1, 12, 0, 2, 0, 0),
	('20180617052953003', '26', 26, '', 0, 0, 26, 0, 1, 4, '', '', 0, 0, 1, 12, 0, 3, 0, 0),
	('20180617053002000', '27', 27, '', 0, 0, 27, 0, 1, 4, '', '', 0, 0, 1, 12, 0, 0, 0, 0),
	('20180617053002001', '27', 27, '', 0, 0, 27, 0, 1, 4, '', '', 0, 0, 1, 12, 0, 1, 0, 0),
	('20180617053002002', '27', 27, '', 0, 0, 27, 0, 1, 4, '', '', 0, 0, 1, 12, 0, 2, 0, 0),
	('20180617053002003', '27', 27, '', 0, 0, 27, 0, 1, 4, '', '', 0, 0, 1, 12, 0, 3, 0, 0),
	('20180617053007000', '28', 28, '', 0, 0, 28, 0, 1, 4, '', '', 0, 0, 1, 12, 0, 0, 0, 0),
	('20180617053007001', '28', 28, '', 0, 0, 28, 0, 1, 4, '', '', 0, 0, 1, 12, 0, 1, 0, 0),
	('20180617053007002', '28', 28, '', 0, 0, 28, 0, 1, 4, '', '', 0, 0, 1, 12, 0, 2, 0, 0),
	('20180617053007003', '28', 28, '', 0, 0, 28, 0, 1, 4, '', '', 0, 0, 1, 12, 0, 3, 0, 0),
	('20180617053010000', '29', 29, '', 0, 0, 29, 0, 1, 4, '', '', 0, 0, 1, 12, 0, 0, 0, 0),
	('20180617053010001', '29', 29, '', 0, 0, 29, 0, 1, 4, '', '', 0, 0, 1, 12, 0, 1, 0, 0),
	('20180617053010002', '29', 29, '', 0, 0, 29, 0, 1, 4, '', '', 0, 0, 1, 12, 0, 2, 0, 0),
	('20180617053010003', '29', 29, '', 0, 0, 29, 0, 1, 4, '', '', 0, 0, 1, 12, 0, 3, 0, 0),
	('20180617053017000', '30', 30, '', 0, 0, 30, 0, 1, 4, '', '', 0, 0, 1, 12, 0, 0, 0, 0),
	('20180617053017001', '30', 30, '', 0, 0, 30, 0, 1, 4, '', '', 0, 0, 1, 12, 0, 1, 0, 0),
	('20180617053017002', '30', 30, '', 0, 0, 30, 0, 1, 4, '', '', 0, 0, 1, 12, 0, 2, 0, 0),
	('20180617053017003', '30', 30, '', 0, 0, 30, 0, 1, 4, '', '', 0, 0, 1, 12, 0, 3, 0, 0),
	('20180617053020000', '31', 31, '', 0, 0, 31, 0, 1, 4, '', '', 0, 1, 4, 12, 0, 0, 0, 0),
	('20180617053020001', '31', 31, '', 0, 0, 31, 0, 1, 4, '', '', 0, 1, 4, 12, 0, 1, 0, 0),
	('20180617053020002', '31', 31, '', 0, 0, 31, 0, 1, 4, '', '', 0, 1, 4, 12, 0, 2, 0, 0),
	('20180617053020003', '31', 31, '', 0, 0, 31, 0, 1, 4, '', '', 0, 1, 4, 12, 0, 3, 0, 0),
	('20180617053025000', '32', 32, '', 0, 0, 32, 0, 1, 4, '', '', 0, 0, 1, 12, 0, 0, 0, 0),
	('20180617053025001', '32', 32, '', 0, 0, 32, 0, 1, 4, '', '', 0, 0, 1, 12, 0, 1, 0, 0),
	('20180617053025002', '32', 32, '', 0, 0, 32, 0, 1, 4, '', '', 0, 0, 1, 12, 0, 2, 0, 0),
	('20180617053025003', '32', 32, '', 0, 0, 32, 0, 1, 4, '', '', 0, 0, 1, 12, 0, 3, 0, 0),
	('20180617053030000', '33', 33, '', 0, 0, 33, 0, 1, 4, '', '', 0, 0, 1, 12, 0, 0, 0, 0),
	('20180617053030001', '33', 33, '', 0, 0, 33, 0, 1, 4, '', '', 0, 0, 1, 12, 0, 1, 0, 0),
	('20180617053030002', '33', 33, '', 0, 0, 33, 0, 1, 4, '', '', 0, 0, 1, 12, 0, 2, 0, 0),
	('20180617053030003', '33', 33, '', 0, 0, 33, 0, 1, 4, '', '', 0, 0, 1, 12, 0, 3, 0, 0),
	('20180617053034000', '34', 34, '', 0, 0, 34, 0, 1, 4, '', '', 0, 0, 1, 12, 0, 0, 0, 0),
	('20180617053034001', '34', 34, '', 0, 0, 34, 0, 1, 4, '', '', 0, 0, 1, 12, 0, 1, 0, 0),
	('20180617053034002', '34', 34, '', 0, 0, 34, 0, 1, 4, '', '', 0, 0, 1, 12, 0, 2, 0, 0),
	('20180617053034003', '34', 34, '', 0, 0, 34, 0, 1, 4, '', '', 0, 0, 1, 12, 0, 3, 0, 0),
	('20180617053039000', '35', 35, '', 0, 0, 35, 0, 1, 4, '', '', 0, 0, 1, 12, 0, 0, 0, 0),
	('20180617053039001', '35', 35, '', 0, 0, 35, 0, 1, 4, '', '', 0, 0, 1, 12, 0, 1, 0, 0),
	('20180617053039002', '35', 35, '', 0, 0, 35, 0, 1, 4, '', '', 0, 0, 1, 12, 0, 2, 0, 0),
	('20180617053039003', '35', 35, '', 0, 0, 35, 0, 1, 4, '', '', 0, 0, 1, 12, 0, 3, 0, 0),
	('20180617053042000', '36', 36, '', 0, 0, 36, 0, 1, 4, '', '', 0, 0, 1, 12, 0, 0, 0, 0),
	('20180617053042001', '36', 36, '', 0, 0, 36, 0, 1, 4, '', '', 0, 0, 1, 12, 0, 1, 0, 0),
	('20180617053042002', '36', 36, '', 0, 0, 36, 0, 1, 4, '', '', 0, 0, 1, 12, 0, 2, 0, 0),
	('20180617053042003', '36', 36, '', 0, 0, 36, 0, 1, 4, '', '', 0, 0, 1, 12, 0, 3, 0, 0),
	('20180617053052000', '37', 37, '', 0, 0, 37, 0, 1, 4, '', '', 0, 0, 1, 12, 0, 0, 0, 0),
	('20180617053052001', '37', 37, '', 0, 0, 37, 0, 1, 4, '', '', 0, 0, 1, 12, 0, 1, 0, 0),
	('20180617053052002', '37', 37, '', 0, 0, 37, 0, 1, 4, '', '', 0, 0, 1, 12, 0, 2, 0, 0),
	('20180617053052003', '37', 37, '', 0, 0, 37, 0, 1, 4, '', '', 0, 0, 1, 12, 0, 3, 0, 0),
	('20180617053056000', '38', 38, '', 0, 0, 38, 0, 1, 4, '', '', 0, 0, 1, 12, 0, 0, 0, 0),
	('20180617053056001', '38', 38, '', 0, 0, 38, 0, 1, 4, '', '', 0, 0, 1, 12, 0, 1, 0, 0),
	('20180617053056002', '38', 38, '', 0, 0, 38, 0, 1, 4, '', '', 0, 0, 1, 12, 0, 2, 0, 0),
	('20180617053056003', '38', 38, '', 0, 0, 38, 0, 1, 4, '', '', 0, 0, 1, 12, 0, 3, 0, 0),
	('20180617053104000', '39', 39, '', 0, 0, 39, 0, 1, 4, '', '', 0, 0, 1, 12, 0, 0, 0, 0),
	('20180617053104001', '39', 39, '', 0, 0, 39, 0, 1, 4, '', '', 0, 0, 1, 12, 0, 1, 0, 0),
	('20180617053104002', '39', 39, '', 0, 0, 39, 0, 1, 4, '', '', 0, 0, 1, 12, 0, 2, 0, 0),
	('20180617053104003', '39', 39, '', 0, 0, 39, 0, 1, 4, '', '', 0, 0, 1, 12, 0, 3, 0, 0),
	('20180617053114000', '40', 40, '', 0, 0, 40, 0, 1, 4, '', '', 0, 0, 1, 12, 0, 0, 0, 0),
	('20180617053114001', '40', 40, '', 0, 0, 40, 0, 1, 4, '', '', 0, 0, 1, 12, 0, 1, 0, 0),
	('20180617053114002', '40', 40, '', 0, 0, 40, 0, 1, 4, '', '', 0, 0, 1, 12, 0, 2, 0, 0),
	('20180617053114003', '40', 40, '', 0, 0, 40, 0, 1, 4, '', '', 0, 0, 1, 12, 0, 3, 0, 0),
	('20180617053125000', '41', 41, '', 0, 0, 0, 0, 1, 4, '', '', 0, 0, 1, 12, 0, 0, 0, 0),
	('20180617053125001', '41', 41, '', 0, 0, 0, 0, 1, 4, '', '', 0, 0, 1, 12, 0, 1, 0, 0),
	('20180617053125002', '41', 41, '', 0, 0, 0, 0, 1, 4, '', '', 0, 0, 1, 12, 0, 2, 0, 0),
	('20180617053125003', '41', 41, '', 0, 0, 0, 0, 1, 4, '', '', 0, 0, 1, 12, 0, 3, 0, 0),
	('20180618071743000', '1', 1, '', 0, 0, 1, 0, 1, 4, '', '', 0, 1, 4, 12, 0, 0, 0, 0),
	('20180618071743001', '1', 1, '', 0, 0, 1, 0, 1, 4, '', '', 0, 1, 4, 12, 0, 1, 0, 0),
	('20180618071743002', '1', 1, '', 0, 0, 1, 0, 1, 4, '', '', 0, 1, 4, 12, 0, 2, 0, 0),
	('20180618071743003', '1', 1, '', 0, 0, 1, 0, 1, 4, '', '', 0, 1, 4, 12, 0, 3, 0, 0),
	('20180619071059000', '1', 1, '', 0, 0, 1, 0, 1, 4, '', '', 0, 1, 4, 12, 0, 0, 0, 0),
	('20180619071059001', '1', 1, '', 0, 0, 1, 0, 1, 4, '', '', 0, 1, 4, 12, 0, 1, 0, 0),
	('20180619071059002', '1', 1, '', 0, 0, 1, 0, 1, 4, '', '', 0, 1, 4, 12, 0, 2, 0, 0),
	('20180619071059003', '1', 1, '', 0, 0, 1, 0, 1, 4, '', '', 0, 1, 4, 12, 0, 3, 0, 0),
	('20180619110504000', '2', 2, '', 0, 0, 2, 0, 1, 4, '', '', 0, 1, 4, 12, 0, 0, 0, 0),
	('20180619110504001', '2', 2, '', 0, 0, 2, 0, 1, 4, '', '', 0, 1, 4, 12, 0, 1, 0, 0),
	('20180619110504002', '2', 2, '', 0, 0, 2, 0, 1, 4, '', '', 0, 1, 4, 12, 0, 2, 0, 0),
	('20180619110504003', '2', 2, '', 0, 0, 2, 0, 1, 4, '', '', 0, 1, 4, 12, 0, 3, 0, 0),
	('20180619165456000', '3', 3, '', 0, 0, 3, 0, 1, 4, '', '', 0, 1, 4, 12, 0, 0, 0, 0),
	('20180619165456001', '3', 3, '', 0, 0, 3, 0, 1, 4, '', '', 0, 1, 4, 12, 0, 1, 0, 0),
	('20180619165456002', '3', 3, '', 0, 0, 3, 0, 1, 4, '', '', 0, 1, 4, 12, 0, 2, 0, 0),
	('20180619165456003', '3', 3, '', 0, 0, 3, 0, 1, 4, '', '', 0, 1, 4, 12, 0, 3, 0, 0),
	('20180619165502000', '4', 4, '', 0, 0, 4, 0, 1, 4, '', '', 0, 1, 4, 12, 0, 0, 0, 0),
	('20180619165502001', '4', 4, '', 0, 0, 4, 0, 1, 4, '', '', 0, 1, 4, 12, 0, 1, 0, 0),
	('20180619165502002', '4', 4, '', 0, 0, 4, 0, 1, 4, '', '', 0, 1, 4, 12, 0, 2, 0, 0),
	('20180619165502003', '4', 4, '', 0, 0, 4, 0, 1, 4, '', '', 0, 1, 4, 12, 0, 3, 0, 0),
	('20180619165505000', '5', 5, '', 0, 0, 5, 0, 1, 4, '', '', 0, 1, 4, 12, 0, 0, 0, 0),
	('20180619165505001', '5', 5, '', 0, 0, 5, 0, 1, 4, '', '', 0, 1, 4, 12, 0, 1, 0, 0),
	('20180619165505002', '5', 5, '', 0, 0, 5, 0, 1, 4, '', '', 0, 1, 4, 12, 0, 2, 0, 0),
	('20180619165505003', '5', 5, '', 0, 0, 5, 0, 1, 4, '', '', 0, 1, 4, 12, 0, 3, 0, 0),
	('20180619165509000', '6', 6, '', 0, 0, 6, 0, 1, 4, '', '', 0, 1, 4, 12, 0, 0, 0, 0),
	('20180619165509001', '6', 6, '', 0, 0, 6, 0, 1, 4, '', '', 0, 1, 4, 12, 0, 1, 0, 0),
	('20180619165509002', '6', 6, '', 0, 0, 6, 0, 1, 4, '', '', 0, 1, 4, 12, 0, 2, 0, 0),
	('20180619165509003', '6', 6, '', 0, 0, 6, 0, 1, 4, '', '', 0, 1, 4, 12, 0, 3, 0, 0),
	('20180619165516000', '7', 7, '', 0, 0, 7, 0, 1, 4, '', '', 0, 1, 4, 12, 0, 0, 0, 0),
	('20180619165516001', '7', 7, '', 0, 0, 7, 0, 1, 4, '', '', 0, 1, 4, 12, 0, 1, 0, 0),
	('20180619165516002', '7', 7, '', 0, 0, 7, 0, 1, 4, '', '', 0, 1, 4, 12, 0, 2, 0, 0),
	('20180619165516003', '7', 7, '', 0, 0, 7, 0, 1, 4, '', '', 0, 1, 4, 12, 0, 3, 0, 0),
	('20180619165520000', '8', 8, '', 0, 0, 8, 0, 1, 4, '', '', 0, 1, 4, 12, 0, 0, 0, 0),
	('20180619165520001', '8', 8, '', 0, 0, 8, 0, 1, 4, '', '', 0, 1, 4, 12, 0, 1, 0, 0),
	('20180619165520002', '8', 8, '', 0, 0, 8, 0, 1, 4, '', '', 0, 1, 4, 12, 0, 2, 0, 0),
	('20180619165520003', '8', 8, '', 0, 0, 8, 0, 1, 4, '', '', 0, 1, 4, 12, 0, 3, 0, 0),
	('20180619165524000', '9', 9, '', 0, 0, 9, 0, 1, 4, '', '', 0, 1, 4, 12, 0, 0, 0, 0),
	('20180619165524001', '9', 9, '', 0, 0, 9, 0, 1, 4, '', '', 0, 1, 4, 12, 0, 1, 0, 0),
	('20180619165524002', '9', 9, '', 0, 0, 9, 0, 1, 4, '', '', 0, 1, 4, 12, 0, 2, 0, 0),
	('20180619165524003', '9', 9, '', 0, 0, 9, 0, 1, 4, '', '', 0, 1, 4, 12, 0, 3, 0, 0),
	('20180619165528000', '10', 10, '', 0, 0, 10, 0, 1, 4, '', '', 0, 1, 4, 12, 0, 0, 0, 0),
	('20180619165528001', '10', 10, '', 0, 0, 10, 0, 1, 4, '', '', 0, 1, 4, 12, 0, 1, 0, 0),
	('20180619165528002', '10', 10, '', 0, 0, 10, 0, 1, 4, '', '', 0, 1, 4, 12, 0, 2, 0, 0),
	('20180619165528003', '10', 10, '', 0, 0, 10, 0, 1, 4, '', '', 0, 1, 4, 12, 0, 3, 0, 0),
	('20180619165532000', '11', 11, '', 0, 0, 11, 0, 1, 4, '', '', 0, 1, 4, 12, 0, 0, 0, 0),
	('20180619165532001', '11', 11, '', 0, 0, 11, 0, 1, 4, '', '', 0, 1, 4, 12, 0, 1, 0, 0),
	('20180619165532002', '11', 11, '', 0, 0, 11, 0, 1, 4, '', '', 0, 1, 4, 12, 0, 2, 0, 0),
	('20180619165532003', '11', 11, '', 0, 0, 11, 0, 1, 4, '', '', 0, 1, 4, 12, 0, 3, 0, 0),
	('20180619165536000', '12', 12, '', 0, 0, 12, 0, 1, 4, '', '', 0, 1, 4, 12, 0, 0, 0, 0),
	('20180619165536001', '12', 12, '', 0, 0, 12, 0, 1, 4, '', '', 0, 1, 4, 12, 0, 1, 0, 0),
	('20180619165536002', '12', 12, '', 0, 0, 12, 0, 1, 4, '', '', 0, 1, 4, 12, 0, 2, 0, 0),
	('20180619165536003', '12', 12, '', 0, 0, 12, 0, 1, 4, '', '', 0, 1, 4, 12, 0, 3, 0, 0),
	('20180619165540000', '13', 13, '', 0, 0, 13, 0, 1, 4, '', '', 0, 1, 4, 12, 0, 0, 0, 0),
	('20180619165540001', '13', 13, '', 0, 0, 13, 0, 1, 4, '', '', 0, 1, 4, 12, 0, 1, 0, 0),
	('20180619165540002', '13', 13, '', 0, 0, 13, 0, 1, 4, '', '', 0, 1, 4, 12, 0, 2, 0, 0),
	('20180619165540003', '13', 13, '', 0, 0, 13, 0, 1, 4, '', '', 0, 1, 4, 12, 0, 3, 0, 0),
	('20180619165546000', '14', 14, '', 0, 0, 14, 0, 1, 4, '', '', 0, 1, 4, 12, 0, 0, 0, 0),
	('20180619165546001', '14', 14, '', 0, 0, 14, 0, 1, 4, '', '', 0, 1, 4, 12, 0, 1, 0, 0),
	('20180619165546002', '14', 14, '', 0, 0, 14, 0, 1, 4, '', '', 0, 1, 4, 12, 0, 2, 0, 0),
	('20180619165546003', '14', 14, '', 0, 0, 14, 0, 1, 4, '', '', 0, 1, 4, 12, 0, 3, 0, 0),
	('20180619165551000', '15', 15, '', 0, 0, 15, 0, 1, 4, '', '', 0, 1, 4, 12, 0, 0, 0, 0),
	('20180619165551001', '15', 15, '', 0, 0, 15, 0, 1, 4, '', '', 0, 1, 4, 12, 0, 1, 0, 0),
	('20180619165551002', '15', 15, '', 0, 0, 15, 0, 1, 4, '', '', 0, 1, 4, 12, 0, 2, 0, 0),
	('20180619165551003', '15', 15, '', 0, 0, 15, 0, 1, 4, '', '', 0, 1, 4, 12, 0, 3, 0, 0),
	('20180619165555000', '16', 16, '', 0, 0, 16, 0, 1, 4, '', '', 0, 1, 4, 12, 0, 0, 0, 0),
	('20180619165555001', '16', 16, '', 0, 0, 16, 0, 1, 4, '', '', 0, 1, 4, 12, 0, 1, 0, 0),
	('20180619165555002', '16', 16, '', 0, 0, 16, 0, 1, 4, '', '', 0, 1, 4, 12, 0, 2, 0, 0),
	('20180619165555003', '16', 16, '', 0, 0, 16, 0, 1, 4, '', '', 0, 1, 4, 12, 0, 3, 0, 0),
	('20180619165559000', '17', 17, '', 0, 0, 17, 0, 1, 4, '', '', 0, 1, 4, 12, 0, 0, 0, 0),
	('20180619165559001', '17', 17, '', 0, 0, 17, 0, 1, 4, '', '', 0, 1, 4, 12, 0, 1, 0, 0),
	('20180619165559002', '17', 17, '', 0, 0, 17, 0, 1, 4, '', '', 0, 1, 4, 12, 0, 2, 0, 0),
	('20180619165559003', '17', 17, '', 0, 0, 17, 0, 1, 4, '', '', 0, 1, 4, 12, 0, 3, 0, 0),
	('20180619165603000', '18', 18, '', 0, 0, 18, 0, 1, 4, '', '', 0, 1, 4, 12, 0, 0, 0, 0),
	('20180619165603001', '18', 18, '', 0, 0, 18, 0, 1, 4, '', '', 0, 1, 4, 12, 0, 1, 0, 0),
	('20180619165603002', '18', 18, '', 0, 0, 18, 0, 1, 4, '', '', 0, 1, 4, 12, 0, 2, 0, 0),
	('20180619165603003', '18', 18, '', 0, 0, 18, 0, 1, 4, '', '', 0, 1, 4, 12, 0, 3, 0, 0),
	('20180619165606000', '19', 19, '', 0, 0, 19, 0, 1, 4, '', '', 0, 1, 4, 12, 0, 0, 0, 0),
	('20180619165606001', '19', 19, '', 0, 0, 19, 0, 1, 4, '', '', 0, 1, 4, 12, 0, 1, 0, 0),
	('20180619165606002', '19', 19, '', 0, 0, 19, 0, 1, 4, '', '', 0, 1, 4, 12, 0, 2, 0, 0),
	('20180619165606003', '19', 19, '', 0, 0, 19, 0, 1, 4, '', '', 0, 1, 4, 12, 0, 3, 0, 0),
	('20180619165611000', '20', 20, '', 0, 0, 20, 0, 1, 4, '', '', 0, 1, 4, 12, 0, 0, 0, 0),
	('20180619165611001', '20', 20, '', 0, 0, 20, 0, 1, 4, '', '', 0, 1, 4, 12, 0, 1, 0, 0),
	('20180619165611002', '20', 20, '', 0, 0, 20, 0, 1, 4, '', '', 0, 1, 4, 12, 0, 2, 0, 0),
	('20180619165611003', '20', 20, '', 0, 0, 20, 0, 1, 4, '', '', 0, 1, 4, 12, 0, 3, 0, 0),
	('20180619165615000', '21', 21, '', 0, 0, 21, 0, 1, 4, '', '', 0, 1, 4, 12, 0, 0, 0, 0),
	('20180619165615001', '21', 21, '', 0, 0, 21, 0, 1, 4, '', '', 0, 1, 4, 12, 0, 1, 0, 0),
	('20180619165615002', '21', 21, '', 0, 0, 21, 0, 1, 4, '', '', 0, 1, 4, 12, 0, 2, 0, 0),
	('20180619165615003', '21', 21, '', 0, 0, 21, 0, 1, 4, '', '', 0, 1, 4, 12, 0, 3, 0, 0),
	('20180619165618000', '22', 22, '', 0, 0, 22, 0, 1, 4, '', '', 0, 1, 4, 12, 0, 0, 0, 0),
	('20180619165618001', '22', 22, '', 0, 0, 22, 0, 1, 4, '', '', 0, 1, 4, 12, 0, 1, 0, 0),
	('20180619165618002', '22', 22, '', 0, 0, 22, 0, 1, 4, '', '', 0, 1, 4, 12, 0, 2, 0, 0),
	('20180619165618003', '22', 22, '', 0, 0, 22, 0, 1, 4, '', '', 0, 1, 4, 12, 0, 3, 0, 0),
	('20180619165622000', '23', 23, '', 0, 0, 23, 0, 1, 4, '', '', 0, 1, 4, 12, 0, 0, 0, 0),
	('20180619165622001', '23', 23, '', 0, 0, 23, 0, 1, 4, '', '', 0, 1, 4, 12, 0, 1, 0, 0),
	('20180619165622002', '23', 23, '', 0, 0, 23, 0, 1, 4, '', '', 0, 1, 4, 12, 0, 2, 0, 0),
	('20180619165622003', '23', 23, '', 0, 0, 23, 0, 1, 4, '', '', 0, 1, 4, 12, 0, 3, 0, 0),
	('20180619165626000', '24', 24, '', 0, 0, 24, 0, 1, 4, '', '', 0, 1, 4, 12, 0, 0, 0, 0),
	('20180619165626001', '24', 24, '', 0, 0, 24, 0, 1, 4, '', '', 0, 1, 4, 12, 0, 1, 0, 0),
	('20180619165626002', '24', 24, '', 0, 0, 24, 0, 1, 4, '', '', 0, 1, 4, 12, 0, 2, 0, 0),
	('20180619165626003', '24', 24, '', 0, 0, 24, 0, 1, 4, '', '', 0, 1, 4, 12, 0, 3, 0, 0),
	('20180619165629000', '25', 25, '', 0, 0, 25, 0, 1, 4, '', '', 0, 1, 4, 12, 0, 0, 0, 0),
	('20180619165629001', '25', 25, '', 0, 0, 25, 0, 1, 4, '', '', 0, 1, 4, 12, 0, 1, 0, 0),
	('20180619165629002', '25', 25, '', 0, 0, 25, 0, 1, 4, '', '', 0, 1, 4, 12, 0, 2, 0, 0),
	('20180619165629003', '25', 25, '', 0, 0, 25, 0, 1, 4, '', '', 0, 1, 4, 12, 0, 3, 0, 0),
	('20180619165632000', '26', 26, '', 0, 0, 26, 0, 1, 4, '', '', 0, 1, 4, 12, 0, 0, 0, 0),
	('20180619165632001', '26', 26, '', 0, 0, 26, 0, 1, 4, '', '', 0, 1, 4, 12, 0, 1, 0, 0),
	('20180619165632002', '26', 26, '', 0, 0, 26, 0, 1, 4, '', '', 0, 1, 4, 12, 0, 2, 0, 0),
	('20180619165632003', '26', 26, '', 0, 0, 26, 0, 1, 4, '', '', 0, 1, 4, 12, 0, 3, 0, 0),
	('20180619165636000', '27', 27, '', 0, 0, 27, 0, 1, 4, '', '', 0, 1, 4, 12, 0, 0, 0, 0),
	('20180619165636001', '27', 27, '', 0, 0, 27, 0, 1, 4, '', '', 0, 1, 4, 12, 0, 1, 0, 0),
	('20180619165636002', '27', 27, '', 0, 0, 27, 0, 1, 4, '', '', 0, 1, 4, 12, 0, 2, 0, 0),
	('20180619165636003', '27', 27, '', 0, 0, 27, 0, 1, 4, '', '', 0, 1, 4, 12, 0, 3, 0, 0),
	('20180619165640000', '28', 28, '', 0, 0, 28, 0, 1, 4, '', '', 0, 1, 4, 12, 0, 0, 0, 0),
	('20180619165640001', '28', 28, '', 0, 0, 28, 0, 1, 4, '', '', 0, 1, 4, 12, 0, 1, 0, 0),
	('20180619165640002', '28', 28, '', 0, 0, 28, 0, 1, 4, '', '', 0, 1, 4, 12, 0, 2, 0, 0),
	('20180619165640003', '28', 28, '', 0, 0, 28, 0, 1, 4, '', '', 0, 1, 4, 12, 0, 3, 0, 0),
	('20180619165645000', '29', 29, '', 0, 0, 29, 0, 1, 4, '', '', 0, 1, 4, 12, 0, 0, 0, 0),
	('20180619165645001', '29', 29, '', 0, 0, 29, 0, 1, 4, '', '', 0, 1, 4, 12, 0, 1, 0, 0),
	('20180619165645002', '29', 29, '', 0, 0, 29, 0, 1, 4, '', '', 0, 1, 4, 12, 0, 2, 0, 0),
	('20180619165645003', '29', 29, '', 0, 0, 29, 0, 1, 4, '', '', 0, 1, 4, 12, 0, 3, 0, 0),
	('20180619165648000', '30', 30, '', 0, 0, 30, 0, 1, 4, '', '', 0, 1, 4, 12, 0, 0, 0, 0),
	('20180619165648001', '30', 30, '', 0, 0, 30, 0, 1, 4, '', '', 0, 1, 4, 12, 0, 1, 0, 0),
	('20180619165648002', '30', 30, '', 0, 0, 30, 0, 1, 4, '', '', 0, 1, 4, 12, 0, 2, 0, 0),
	('20180619165648003', '30', 30, '', 0, 0, 30, 0, 1, 4, '', '', 0, 1, 4, 12, 0, 3, 0, 0),
	('20180619165652000', '31', 31, '', 0, 0, 31, 0, 1, 4, '', '', 0, 1, 4, 12, 0, 0, 0, 0),
	('20180619165652001', '31', 31, '', 0, 0, 31, 0, 1, 4, '', '', 0, 1, 4, 12, 0, 1, 0, 0),
	('20180619165652002', '31', 31, '', 0, 0, 31, 0, 1, 4, '', '', 0, 1, 4, 12, 0, 2, 0, 0),
	('20180619165652003', '31', 31, '', 0, 0, 31, 0, 1, 4, '', '', 0, 1, 4, 12, 0, 3, 0, 0),
	('20180619165655000', '32', 32, '', 0, 0, 32, 0, 1, 4, '', '', 0, 1, 4, 12, 0, 0, 0, 0),
	('20180619165655001', '32', 32, '', 0, 0, 32, 0, 1, 4, '', '', 0, 1, 4, 12, 0, 1, 0, 0),
	('20180619165655002', '32', 32, '', 0, 0, 32, 0, 1, 4, '', '', 0, 1, 4, 12, 0, 2, 0, 0),
	('20180619165655003', '32', 32, '', 0, 0, 32, 0, 1, 4, '', '', 0, 1, 4, 12, 0, 3, 0, 0),
	('20180619165659000', '33', 33, '', 0, 0, 33, 0, 1, 4, '', '', 0, 1, 4, 12, 0, 0, 0, 0),
	('20180619165659001', '33', 33, '', 0, 0, 33, 0, 1, 4, '', '', 0, 1, 4, 12, 0, 1, 0, 0),
	('20180619165659002', '33', 33, '', 0, 0, 33, 0, 1, 4, '', '', 0, 1, 4, 12, 0, 2, 0, 0),
	('20180619165659003', '33', 33, '', 0, 0, 33, 0, 1, 4, '', '', 0, 1, 4, 12, 0, 3, 0, 0),
	('20180619165703000', '34', 34, '', 0, 0, 34, 0, 1, 4, '', '', 0, 1, 4, 12, 0, 0, 0, 0),
	('20180619165703001', '34', 34, '', 0, 0, 34, 0, 1, 4, '', '', 0, 1, 4, 12, 0, 1, 0, 0),
	('20180619165703002', '34', 34, '', 0, 0, 34, 0, 1, 4, '', '', 0, 1, 4, 12, 0, 2, 0, 0),
	('20180619165703003', '34', 34, '', 0, 0, 34, 0, 1, 4, '', '', 0, 1, 4, 12, 0, 3, 0, 0),
	('20180619165707000', '35', 35, '', 0, 0, 35, 0, 1, 4, '', '', 0, 1, 4, 12, 0, 0, 0, 0),
	('20180619165707001', '35', 35, '', 0, 0, 35, 0, 1, 4, '', '', 0, 1, 4, 12, 0, 1, 0, 0),
	('20180619165707002', '35', 35, '', 0, 0, 35, 0, 1, 4, '', '', 0, 1, 4, 12, 0, 2, 0, 0),
	('20180619165707003', '35', 35, '', 0, 0, 35, 0, 1, 4, '', '', 0, 1, 4, 12, 0, 3, 0, 0),
	('20180619165711000', '36', 36, '', 0, 0, 36, 0, 1, 4, '', '', 0, 1, 4, 12, 0, 0, 0, 0),
	('20180619165711001', '36', 36, '', 0, 0, 36, 0, 1, 4, '', '', 0, 1, 4, 12, 0, 1, 0, 0),
	('20180619165711002', '36', 36, '', 0, 0, 36, 0, 1, 4, '', '', 0, 1, 4, 12, 0, 2, 0, 0),
	('20180619165711003', '36', 36, '', 0, 0, 36, 0, 1, 4, '', '', 0, 1, 4, 12, 0, 3, 0, 0),
	('20180619165715000', '37', 37, '', 0, 0, 37, 0, 1, 4, '', '', 0, 1, 4, 12, 0, 0, 0, 0),
	('20180619165715001', '37', 37, '', 0, 0, 37, 0, 1, 4, '', '', 0, 1, 4, 12, 0, 1, 0, 0),
	('20180619165715002', '37', 37, '', 0, 0, 37, 0, 1, 4, '', '', 0, 1, 4, 12, 0, 2, 0, 0),
	('20180619165715003', '37', 37, '', 0, 0, 37, 0, 1, 4, '', '', 0, 1, 4, 12, 0, 3, 0, 0),
	('20180619165718000', '38', 38, '', 0, 0, 38, 0, 1, 4, '', '', 0, 1, 4, 12, 0, 0, 0, 0),
	('20180619165718001', '38', 38, '', 0, 0, 38, 0, 1, 4, '', '', 0, 1, 4, 12, 0, 1, 0, 0),
	('20180619165718002', '38', 38, '', 0, 0, 38, 0, 1, 4, '', '', 0, 1, 4, 12, 0, 2, 0, 0),
	('20180619165718003', '38', 38, '', 0, 0, 38, 0, 1, 4, '', '', 0, 1, 4, 12, 0, 3, 0, 0),
	('20180619165722000', '39', 39, '', 0, 0, 39, 0, 1, 4, '', '', 0, 1, 4, 12, 0, 0, 0, 0),
	('20180619165722001', '39', 39, '', 0, 0, 39, 0, 1, 4, '', '', 0, 1, 4, 12, 0, 1, 0, 0),
	('20180619165722002', '39', 39, '', 0, 0, 39, 0, 1, 4, '', '', 0, 1, 4, 12, 0, 2, 0, 0),
	('20180619165722003', '39', 39, '', 0, 0, 39, 0, 1, 4, '', '', 0, 1, 4, 12, 0, 3, 0, 0),
	('20180619165726000', '40', 40, '', 0, 0, 40, 0, 1, 4, '', '', 0, 1, 4, 12, 0, 0, 0, 0),
	('20180619165726001', '40', 40, '', 0, 0, 40, 0, 1, 4, '', '', 0, 1, 4, 12, 0, 1, 0, 0),
	('20180619165726002', '40', 40, '', 0, 0, 40, 0, 1, 4, '', '', 0, 1, 4, 12, 0, 2, 0, 0),
	('20180619165726003', '40', 40, '', 0, 0, 40, 0, 1, 4, '', '', 0, 1, 4, 12, 0, 3, 0, 0),
	('20180619165730000', '41', 41, '', 0, 0, 0, 0, 1, 4, '', '', 0, 1, 4, 12, 0, 0, 0, 0),
	('20180619165730001', '41', 41, '', 0, 0, 0, 0, 1, 4, '', '', 0, 1, 4, 12, 0, 1, 0, 0),
	('20180619165730002', '41', 41, '', 0, 0, 0, 0, 1, 4, '', '', 0, 1, 4, 12, 0, 2, 0, 0),
	('20180619165730003', '41', 41, '', 0, 0, 0, 0, 1, 4, '', '', 0, 1, 4, 12, 0, 3, 0, 0),
	('20180619165734000', '42', 42, '', 0, 0, 0, 0, 1, 4, '', '', 0, 1, 4, 12, 0, 0, 0, 0),
	('20180619165734001', '42', 42, '', 0, 0, 0, 0, 1, 4, '', '', 0, 1, 4, 12, 0, 1, 0, 0),
	('20180619165734002', '42', 42, '', 0, 0, 0, 0, 1, 4, '', '', 0, 1, 4, 12, 0, 2, 0, 0),
	('20180619165734003', '42', 42, '', 0, 0, 0, 0, 1, 4, '', '', 0, 1, 4, 12, 0, 3, 0, 0),
	('20180619165738000', '43', 43, '', 0, 0, 0, 0, 1, 4, '', '', 0, 1, 4, 12, 0, 0, 0, 0),
	('20180619165738001', '43', 43, '', 0, 0, 0, 0, 1, 4, '', '', 0, 1, 4, 12, 0, 1, 0, 0),
	('20180619165738002', '43', 43, '', 0, 0, 0, 0, 1, 4, '', '', 0, 1, 4, 12, 0, 2, 0, 0),
	('20180619165738003', '43', 43, '', 0, 0, 0, 0, 1, 4, '', '', 0, 1, 4, 12, 0, 3, 0, 0),
	('20180619165741000', '44', 44, '', 0, 0, 0, 0, 1, 4, '', '', 0, 1, 4, 12, 0, 0, 0, 0),
	('20180619165741001', '44', 44, '', 0, 0, 0, 0, 1, 4, '', '', 0, 1, 4, 12, 0, 1, 0, 0),
	('20180619165741002', '44', 44, '', 0, 0, 0, 0, 1, 4, '', '', 0, 1, 4, 12, 0, 2, 0, 0),
	('20180619165741003', '44', 44, '', 0, 0, 0, 0, 1, 4, '', '', 0, 1, 4, 12, 0, 3, 0, 0),
	('20180619165745000', '45', 45, '', 0, 0, 0, 0, 1, 4, '', '', 0, 1, 4, 12, 0, 0, 0, 0),
	('20180619165745001', '45', 45, '', 0, 0, 0, 0, 1, 4, '', '', 0, 1, 4, 12, 0, 1, 0, 0),
	('20180619165745002', '45', 45, '', 0, 0, 0, 0, 1, 4, '', '', 0, 1, 4, 12, 0, 2, 0, 0),
	('20180619165745003', '45', 45, '', 0, 0, 0, 0, 1, 4, '', '', 0, 1, 4, 12, 0, 3, 0, 0),
	('20180619165749000', '46', 46, '', 0, 0, 0, 0, 1, 4, '', '', 0, 1, 4, 12, 0, 0, 0, 0),
	('20180619165749001', '46', 46, '', 0, 0, 0, 0, 1, 4, '', '', 0, 1, 4, 12, 0, 1, 0, 0),
	('20180619165749002', '46', 46, '', 0, 0, 0, 0, 1, 4, '', '', 0, 1, 4, 12, 0, 2, 0, 0),
	('20180619165749003', '46', 46, '', 0, 0, 0, 0, 1, 4, '', '', 0, 1, 4, 12, 0, 3, 0, 0),
	('20180619165753000', '47', 47, '', 0, 0, 0, 0, 1, 4, '', '', 0, 1, 4, 12, 0, 0, 0, 0),
	('20180619165753001', '47', 47, '', 0, 0, 0, 0, 1, 4, '', '', 0, 1, 4, 12, 0, 1, 0, 0),
	('20180619165753002', '47', 47, '', 0, 0, 0, 0, 1, 4, '', '', 0, 1, 4, 12, 0, 2, 0, 0),
	('20180619165753003', '47', 47, '', 0, 0, 0, 0, 1, 4, '', '', 0, 1, 4, 12, 0, 3, 0, 0),
	('20180619165756000', '48', 48, '', 0, 0, 0, 0, 1, 4, '', '', 0, 1, 4, 12, 0, 0, 0, 0),
	('20180619165756001', '48', 48, '', 0, 0, 0, 0, 1, 4, '', '', 0, 1, 4, 12, 0, 1, 0, 0),
	('20180619165756002', '48', 48, '', 0, 0, 0, 0, 1, 4, '', '', 0, 1, 4, 12, 0, 2, 0, 0),
	('20180619165756003', '48', 48, '', 0, 0, 0, 0, 1, 4, '', '', 0, 1, 4, 12, 0, 3, 0, 0),
	('20180619165800000', '49', 49, '', 0, 0, 0, 0, 1, 4, '', '', 0, 1, 4, 12, 0, 0, 0, 0),
	('20180619165800001', '49', 49, '', 0, 0, 0, 0, 1, 4, '', '', 0, 1, 4, 12, 0, 1, 0, 0),
	('20180619165800002', '49', 49, '', 0, 0, 0, 0, 1, 4, '', '', 0, 1, 4, 12, 0, 2, 0, 0),
	('20180619165800003', '49', 49, '', 0, 0, 0, 0, 1, 4, '', '', 0, 1, 4, 12, 0, 3, 0, 0),
	('20180619165804000', '50', 50, '', 0, 0, 0, 0, 1, 4, '', '', 0, 1, 4, 12, 0, 0, 0, 0),
	('20180619165804001', '50', 50, '', 0, 0, 0, 0, 1, 4, '', '', 0, 1, 4, 12, 0, 1, 0, 0),
	('20180619165804002', '50', 50, '', 0, 0, 0, 0, 1, 4, '', '', 0, 1, 4, 12, 0, 2, 0, 0),
	('20180619165804003', '50', 50, '', 0, 0, 0, 0, 1, 4, '', '', 0, 1, 4, 12, 0, 3, 0, 0),
	('20180619165808000', '51', 51, '', 0, 0, 0, 0, 1, 4, '', '', 0, 1, 4, 12, 0, 0, 0, 0),
	('20180619165808001', '51', 51, '', 0, 0, 0, 0, 1, 4, '', '', 0, 1, 4, 12, 0, 1, 0, 0),
	('20180619165808002', '51', 51, '', 0, 0, 0, 0, 1, 4, '', '', 0, 1, 4, 12, 0, 2, 0, 0),
	('20180619165808003', '51', 51, '', 0, 0, 0, 0, 1, 4, '', '', 0, 1, 4, 12, 0, 3, 0, 0),
	('20180619165812000', '52', 52, '', 0, 0, 0, 0, 1, 4, '', '', 0, 1, 4, 12, 0, 0, 0, 0),
	('20180619165812001', '52', 52, '', 0, 0, 0, 0, 1, 4, '', '', 0, 1, 4, 12, 0, 1, 0, 0),
	('20180619165812002', '52', 52, '', 0, 0, 0, 0, 1, 4, '', '', 0, 1, 4, 12, 0, 2, 0, 0),
	('20180619165812003', '52', 52, '', 0, 0, 0, 0, 1, 4, '', '', 0, 1, 4, 12, 0, 3, 0, 0),
	('20180619165817000', '53', 53, '', 0, 0, 0, 0, 1, 4, '', '', 0, 1, 4, 12, 0, 0, 0, 0),
	('20180619165817001', '53', 53, '', 0, 0, 0, 0, 1, 4, '', '', 0, 1, 4, 12, 0, 1, 0, 0),
	('20180619165817002', '53', 53, '', 0, 0, 0, 0, 1, 4, '', '', 0, 1, 4, 12, 0, 2, 0, 0),
	('20180619165817003', '53', 53, '', 0, 0, 0, 0, 1, 4, '', '', 0, 1, 4, 12, 0, 3, 0, 0),
	('20180619165821000', '54', 54, '', 0, 0, 0, 0, 1, 4, '', '', 0, 1, 4, 12, 0, 0, 0, 0),
	('20180619165821001', '54', 54, '', 0, 0, 0, 0, 1, 4, '', '', 0, 1, 4, 12, 0, 1, 0, 0),
	('20180619165821002', '54', 54, '', 0, 0, 0, 0, 1, 4, '', '', 0, 1, 4, 12, 0, 2, 0, 0),
	('20180619165821003', '54', 54, '', 0, 0, 0, 0, 1, 4, '', '', 0, 1, 4, 12, 0, 3, 0, 0),
	('20180619165825000', '55', 55, '', 0, 0, 0, 0, 1, 4, '', '', 0, 1, 4, 12, 0, 0, 0, 0),
	('20180619165825001', '55', 55, '', 0, 0, 0, 0, 1, 4, '', '', 0, 1, 4, 12, 0, 1, 0, 0),
	('20180619165825002', '55', 55, '', 0, 0, 0, 0, 1, 4, '', '', 0, 1, 4, 12, 0, 2, 0, 0),
	('20180619165825003', '55', 55, '', 0, 0, 0, 0, 1, 4, '', '', 0, 1, 4, 12, 0, 3, 0, 0),
	('20180619165828000', '56', 56, '', 0, 0, 0, 0, 1, 4, '', '', 0, 1, 4, 12, 0, 0, 0, 0),
	('20180619165828001', '56', 56, '', 0, 0, 0, 0, 1, 4, '', '', 0, 1, 4, 12, 0, 1, 0, 0),
	('20180619165828002', '56', 56, '', 0, 0, 0, 0, 1, 4, '', '', 0, 1, 4, 12, 0, 2, 0, 0),
	('20180619165828003', '56', 56, '', 0, 0, 0, 0, 1, 4, '', '', 0, 1, 4, 12, 0, 3, 0, 0),
	('20180619165832000', '57', 57, '', 0, 0, 0, 0, 1, 4, '', '', 0, 1, 4, 12, 0, 0, 0, 0),
	('20180619165832001', '57', 57, '', 0, 0, 0, 0, 1, 4, '', '', 0, 1, 4, 12, 0, 1, 0, 0),
	('20180619165832002', '57', 57, '', 0, 0, 0, 0, 1, 4, '', '', 0, 1, 4, 12, 0, 2, 0, 0),
	('20180619165832003', '57', 57, '', 0, 0, 0, 0, 1, 4, '', '', 0, 1, 4, 12, 0, 3, 0, 0),
	('20180619165835000', '58', 58, '', 0, 0, 0, 0, 1, 4, '', '', 0, 1, 4, 12, 0, 0, 0, 0),
	('20180619165835001', '58', 58, '', 0, 0, 0, 0, 1, 4, '', '', 0, 1, 4, 12, 0, 1, 0, 0),
	('20180619165835002', '58', 58, '', 0, 0, 0, 0, 1, 4, '', '', 0, 1, 4, 12, 0, 2, 0, 0),
	('20180619165835003', '58', 58, '', 0, 0, 0, 0, 1, 4, '', '', 0, 1, 4, 12, 0, 3, 0, 0),
	('20180619165839000', '59', 59, '', 0, 0, 0, 0, 1, 4, '', '', 0, 1, 4, 12, 0, 0, 0, 0),
	('20180619165839001', '59', 59, '', 0, 0, 0, 0, 1, 4, '', '', 0, 1, 4, 12, 0, 1, 0, 0),
	('20180619165839002', '59', 59, '', 0, 0, 0, 0, 1, 4, '', '', 0, 1, 4, 12, 0, 2, 0, 0),
	('20180619165839003', '59', 59, '', 0, 0, 0, 0, 1, 4, '', '', 0, 1, 4, 12, 0, 3, 0, 0),
	('20180619165843000', '60', 60, '', 0, 0, 0, 0, 1, 4, '', '', 0, 1, 4, 12, 0, 0, 0, 0),
	('20180619165843001', '60', 60, '', 0, 0, 0, 0, 1, 4, '', '', 0, 1, 4, 12, 0, 1, 0, 0),
	('20180619165843002', '60', 60, '', 0, 0, 0, 0, 1, 4, '', '', 0, 1, 4, 12, 0, 2, 0, 0),
	('20180619165843003', '60', 60, '', 0, 0, 0, 0, 1, 4, '', '', 0, 1, 4, 12, 0, 3, 0, 0),
	('20180619165846000', '61', 61, '', 0, 0, 0, 0, 1, 4, '', '', 0, 1, 4, 12, 0, 0, 0, 0),
	('20180619165846001', '61', 61, '', 0, 0, 0, 0, 1, 4, '', '', 0, 1, 4, 12, 0, 1, 0, 0),
	('20180619165846002', '61', 61, '', 0, 0, 0, 0, 1, 4, '', '', 0, 1, 4, 12, 0, 2, 0, 0),
	('20180619165846003', '61', 61, '', 0, 0, 0, 0, 1, 4, '', '', 0, 1, 4, 12, 0, 3, 0, 0),
	('20180619165850000', '62', 62, '', 0, 0, 0, 0, 1, 4, '', '', 0, 1, 4, 12, 0, 0, 0, 0),
	('20180619165850001', '62', 62, '', 0, 0, 0, 0, 1, 4, '', '', 0, 1, 4, 12, 0, 1, 0, 0),
	('20180619165850002', '62', 62, '', 0, 0, 0, 0, 1, 4, '', '', 0, 1, 4, 12, 0, 2, 0, 0),
	('20180619165850003', '62', 62, '', 0, 0, 0, 0, 1, 4, '', '', 0, 1, 4, 12, 0, 3, 0, 0),
	('20180619165855000', '63', 63, '', 0, 0, 0, 0, 1, 4, '', '', 0, 1, 4, 12, 0, 0, 0, 0),
	('20180619165855001', '63', 63, '', 0, 0, 0, 0, 1, 4, '', '', 0, 1, 4, 12, 0, 1, 0, 0),
	('20180619165855002', '63', 63, '', 0, 0, 0, 0, 1, 4, '', '', 0, 1, 4, 12, 0, 2, 0, 0),
	('20180619165855003', '63', 63, '', 0, 0, 0, 0, 1, 4, '', '', 0, 1, 4, 12, 0, 3, 0, 0),
	('20180619165858000', '64', 64, '', 0, 0, 0, 0, 1, 4, '', '', 0, 1, 4, 12, 0, 0, 0, 0),
	('20180619165858001', '64', 64, '', 0, 0, 0, 0, 1, 4, '', '', 0, 1, 4, 12, 0, 1, 0, 0),
	('20180619165858002', '64', 64, '', 0, 0, 0, 0, 1, 4, '', '', 0, 1, 4, 12, 0, 2, 0, 0),
	('20180619165858003', '64', 64, '', 0, 0, 0, 0, 1, 4, '', '', 0, 1, 4, 12, 0, 3, 0, 0),
	('20180619165901000', '65', 65, '', 0, 0, 0, 0, 1, 4, '', '', 0, 1, 4, 12, 0, 0, 0, 0),
	('20180619165901001', '65', 65, '', 0, 0, 0, 0, 1, 4, '', '', 0, 1, 4, 12, 0, 1, 0, 0),
	('20180619165901002', '65', 65, '', 0, 0, 0, 0, 1, 4, '', '', 0, 1, 4, 12, 0, 2, 0, 0),
	('20180619165901003', '65', 65, '', 0, 0, 0, 0, 1, 4, '', '', 0, 1, 4, 12, 0, 3, 0, 0),
	('20180619165906000', '66', 66, '', 0, 0, 0, 0, 1, 4, '', '', 0, 1, 4, 12, 0, 0, 0, 0),
	('20180619165906001', '66', 66, '', 0, 0, 0, 0, 1, 4, '', '', 0, 1, 4, 12, 0, 1, 0, 0),
	('20180619165906002', '66', 66, '', 0, 0, 0, 0, 1, 4, '', '', 0, 1, 4, 12, 0, 2, 0, 0),
	('20180619165906003', '66', 66, '', 0, 0, 0, 0, 1, 4, '', '', 0, 1, 4, 12, 0, 3, 0, 0),
	('20180619165909000', '67', 67, '', 0, 0, 0, 0, 1, 4, '', '', 0, 1, 4, 12, 0, 0, 0, 0),
	('20180619165909001', '67', 67, '', 0, 0, 0, 0, 1, 4, '', '', 0, 1, 4, 12, 0, 1, 0, 0),
	('20180619165909002', '67', 67, '', 0, 0, 0, 0, 1, 4, '', '', 0, 1, 4, 12, 0, 2, 0, 0),
	('20180619165909003', '67', 67, '', 0, 0, 0, 0, 1, 4, '', '', 0, 1, 4, 12, 0, 3, 0, 0),
	('20180619165913000', '68', 68, '', 0, 0, 0, 0, 1, 4, '', '', 0, 1, 4, 12, 0, 0, 0, 0),
	('20180619165913001', '68', 68, '', 0, 0, 0, 0, 1, 4, '', '', 0, 1, 4, 12, 0, 1, 0, 0),
	('20180619165913002', '68', 68, '', 0, 0, 0, 0, 1, 4, '', '', 0, 1, 4, 12, 0, 2, 0, 0),
	('20180619165913003', '68', 68, '', 0, 0, 0, 0, 1, 4, '', '', 0, 1, 4, 12, 0, 3, 0, 0),
	('20180619165918000', '69', 69, '', 0, 0, 0, 0, 1, 4, '', '', 0, 1, 4, 12, 0, 0, 0, 0),
	('20180619165918001', '69', 69, '', 0, 0, 0, 0, 1, 4, '', '', 0, 1, 4, 12, 0, 1, 0, 0),
	('20180619165918002', '69', 69, '', 0, 0, 0, 0, 1, 4, '', '', 0, 1, 4, 12, 0, 2, 0, 0),
	('20180619165918003', '69', 69, '', 0, 0, 0, 0, 1, 4, '', '', 0, 1, 4, 12, 0, 3, 0, 0),
	('20180619165921000', '70', 70, '', 0, 0, 0, 0, 1, 4, '', '', 0, 1, 4, 12, 0, 0, 0, 0),
	('20180619165921001', '70', 70, '', 0, 0, 0, 0, 1, 4, '', '', 0, 1, 4, 12, 0, 1, 0, 0),
	('20180619165921002', '70', 70, '', 0, 0, 0, 0, 1, 4, '', '', 0, 1, 4, 12, 0, 2, 0, 0),
	('20180619165921003', '70', 70, '', 0, 0, 0, 0, 1, 4, '', '', 0, 1, 4, 12, 0, 3, 0, 0),
	('20180619165925000', '71', 71, '', 0, 0, 0, 0, 1, 4, '', '', 0, 1, 4, 12, 0, 0, 0, 0),
	('20180619165925001', '71', 71, '', 0, 0, 0, 0, 1, 4, '', '', 0, 1, 4, 12, 0, 1, 0, 0),
	('20180619165925002', '71', 71, '', 0, 0, 0, 0, 1, 4, '', '', 0, 1, 4, 12, 0, 2, 0, 0),
	('20180619165925003', '71', 71, '', 0, 0, 0, 0, 1, 4, '', '', 0, 1, 4, 12, 0, 3, 0, 0),
	('20180619165929000', '72', 72, '', 0, 0, 0, 0, 1, 4, '', '', 0, 1, 4, 12, 0, 0, 0, 0),
	('20180619165929001', '72', 72, '', 0, 0, 0, 0, 1, 4, '', '', 0, 1, 4, 12, 0, 1, 0, 0),
	('20180619165929002', '72', 72, '', 0, 0, 0, 0, 1, 4, '', '', 0, 1, 4, 12, 0, 2, 0, 0),
	('20180619165929003', '72', 72, '', 0, 0, 0, 0, 1, 4, '', '', 0, 1, 4, 12, 0, 3, 0, 0),
	('20180619165932000', '73', 73, '', 0, 0, 0, 0, 1, 4, '', '', 0, 1, 4, 12, 0, 0, 0, 0),
	('20180619165932001', '73', 73, '', 0, 0, 0, 0, 1, 4, '', '', 0, 1, 4, 12, 0, 1, 0, 0),
	('20180619165932002', '73', 73, '', 0, 0, 0, 0, 1, 4, '', '', 0, 1, 4, 12, 0, 2, 0, 0),
	('20180619165932003', '73', 73, '', 0, 0, 0, 0, 1, 4, '', '', 0, 1, 4, 12, 0, 3, 0, 0),
	('20180619165935000', '74', 74, '', 0, 0, 0, 0, 1, 4, '', '', 0, 1, 4, 12, 0, 0, 0, 0),
	('20180619165935001', '74', 74, '', 0, 0, 0, 0, 1, 4, '', '', 0, 1, 4, 12, 0, 1, 0, 0),
	('20180619165935002', '74', 74, '', 0, 0, 0, 0, 1, 4, '', '', 0, 1, 4, 12, 0, 2, 0, 0),
	('20180619165935003', '74', 74, '', 0, 0, 0, 0, 1, 4, '', '', 0, 1, 4, 12, 0, 3, 0, 0),
	('20180619165939000', '75', 75, '', 0, 0, 0, 0, 1, 4, '', '', 0, 1, 4, 12, 0, 0, 0, 0),
	('20180619165939001', '75', 75, '', 0, 0, 0, 0, 1, 4, '', '', 0, 1, 4, 12, 0, 1, 0, 0),
	('20180619165939002', '75', 75, '', 0, 0, 0, 0, 1, 4, '', '', 0, 1, 4, 12, 0, 2, 0, 0),
	('20180619165939003', '75', 75, '', 0, 0, 0, 0, 1, 4, '', '', 0, 1, 4, 12, 0, 3, 0, 0),
	('20180619165943000', '76', 76, '', 0, 0, 0, 0, 1, 4, '', '', 0, 1, 4, 12, 0, 0, 0, 0),
	('20180619165943001', '76', 76, '', 0, 0, 0, 0, 1, 4, '', '', 0, 1, 4, 12, 0, 1, 0, 0),
	('20180619165943002', '76', 76, '', 0, 0, 0, 0, 1, 4, '', '', 0, 1, 4, 12, 0, 2, 0, 0),
	('20180619165943003', '76', 76, '', 0, 0, 0, 0, 1, 4, '', '', 0, 1, 4, 12, 0, 3, 0, 0),
	('20180619165947000', '77', 77, '', 0, 0, 0, 0, 1, 4, '', '', 0, 1, 4, 12, 0, 0, 0, 0),
	('20180619165947001', '77', 77, '', 0, 0, 0, 0, 1, 4, '', '', 0, 1, 4, 12, 0, 1, 0, 0),
	('20180619165947002', '77', 77, '', 0, 0, 0, 0, 1, 4, '', '', 0, 1, 4, 12, 0, 2, 0, 0),
	('20180619165947003', '77', 77, '', 0, 0, 0, 0, 1, 4, '', '', 0, 1, 4, 12, 0, 3, 0, 0),
	('20180619165950000', '78', 78, '', 0, 0, 0, 0, 1, 4, '', '', 0, 1, 4, 12, 0, 0, 0, 0),
	('20180619165950001', '78', 78, '', 0, 0, 0, 0, 1, 4, '', '', 0, 1, 4, 12, 0, 1, 0, 0),
	('20180619165950002', '78', 78, '', 0, 0, 0, 0, 1, 4, '', '', 0, 1, 4, 12, 0, 2, 0, 0),
	('20180619165950003', '78', 78, '', 0, 0, 0, 0, 1, 4, '', '', 0, 1, 4, 12, 0, 3, 0, 0),
	('20180619165954000', '79', 79, '', 0, 0, 0, 0, 1, 4, '', '', 0, 1, 4, 12, 0, 0, 0, 0),
	('20180619165954001', '79', 79, '', 0, 0, 0, 0, 1, 4, '', '', 0, 1, 4, 12, 0, 1, 0, 0),
	('20180619165954002', '79', 79, '', 0, 0, 0, 0, 1, 4, '', '', 0, 1, 4, 12, 0, 2, 0, 0),
	('20180619165954003', '79', 79, '', 0, 0, 0, 0, 1, 4, '', '', 0, 1, 4, 12, 0, 3, 0, 0),
	('20180619165959000', '80', 80, '', 0, 0, 0, 0, 1, 4, '', '', 0, 1, 4, 12, 0, 0, 0, 0),
	('20180619165959001', '80', 80, '', 0, 0, 0, 0, 1, 4, '', '', 0, 1, 4, 12, 0, 1, 0, 0),
	('20180619165959002', '80', 80, '', 0, 0, 0, 0, 1, 4, '', '', 0, 1, 4, 12, 0, 2, 0, 0),
	('20180619165959003', '80', 80, '', 0, 0, 0, 0, 1, 4, '', '', 0, 1, 4, 12, 0, 3, 0, 0),
	('20180620091311000', '1', 1, '', 0, 0, 1, 0, 1, 4, '', '', 0, 1, 4, 12, 0, 0, 0, 0),
	('20180620091311001', '1', 1, '', 0, 0, 1, 0, 1, 4, '', '', 0, 1, 4, 12, 0, 1, 0, 0),
	('20180621111722000', '1', 1, '', 0, 0, 1, 0, 1, 4, '', '', 0, 1, 4, 12, 0, 0, 0, 0),
	('20180621111722001', '1', 1, '', 0, 0, 1, 0, 1, 4, '', '', 0, 1, 4, 12, 0, 1, 0, 0),
	('20180621111722002', '1', 1, '', 0, 0, 1, 0, 1, 4, '', '', 0, 1, 4, 12, 0, 2, 0, 0),
	('20180621111722003', '1', 1, '', 0, 0, 1, 0, 1, 4, '', '', 0, 1, 4, 12, 0, 3, 0, 0),
	('20180621160935000', '2', 2, '', 0, 0, 2, 0, 1, 4, '', '', 0, 1, 4, 12, 0, 0, 0, 0),
	('20180621160935001', '2', 2, '', 0, 0, 2, 0, 1, 4, '', '', 0, 1, 4, 12, 0, 1, 0, 0),
	('20180621160935002', '2', 2, '', 0, 0, 2, 0, 1, 4, '', '', 0, 1, 4, 12, 0, 2, 0, 0),
	('20180621160935003', '2', 2, '', 0, 0, 2, 0, 1, 4, '', '', 0, 1, 4, 12, 0, 3, 0, 0),
	('20180622173432000', '1', 1, '', 0, 0, 1, 0, 1, 4, '', '', 0, 1, 4, 12, 0, 0, 0, 0),
	('20180622173432001', '1', 1, '', 0, 0, 1, 0, 1, 4, '', '', 0, 1, 4, 12, 0, 1, 0, 0),
	('20180622173432002', '1', 1, '', 0, 0, 1, 0, 1, 4, '', '', 0, 1, 4, 12, 0, 2, 0, 0),
	('20180622173432003', '1', 1, '', 0, 0, 1, 0, 1, 4, '', '', 0, 1, 4, 12, 0, 3, 0, 0),
	('20180622173435000', '2', 2, '', 0, 0, 2, 0, 1, 4, '', '', 0, 1, 4, 12, 0, 0, 0, 0),
	('20180622173435001', '2', 2, '', 0, 0, 2, 0, 1, 4, '', '', 0, 1, 4, 12, 0, 1, 0, 0),
	('20180622173435002', '2', 2, '', 0, 0, 2, 0, 1, 4, '', '', 0, 1, 4, 12, 0, 2, 0, 0),
	('20180622173435003', '2', 2, '', 0, 0, 2, 0, 1, 4, '', '', 0, 1, 4, 12, 0, 3, 0, 0),
	('20180704164407000', '1', 1, '', 0, 0, 1, 0, 1, 4, '', '', 0, 1997293550, 1, 4, 0, 2, 0, 0),
	('20180705125439000', '1', 1, '', 0, 0, 1, 0, 1, 4, '', '', 0, 1997293550, 1, 172, 12, 1, 0, 0),
	('20180705153913000', '2', 2, '', 0, 0, 2, 0, 1, 4, '', '', 0, 1997293550, 1, 4, 12, 2, 0, 0),
	('20180705154730000', '3', 3, '', 0, 0, 3, 0, 1, 4, '', '', 0, 1997293550, 1, 4, 12, 3, 0, 0),
	('20180705173803000', '3', 3, '', 0, 0, 4, 0, 1, 4, '', '', 0, 1997293550, 1, 4, 12, 1, 0, 0);
/*!40000 ALTER TABLE `sr` ENABLE KEYS */;

-- 导出  表 water.zhikongye 结构
CREATE TABLE IF NOT EXISTS `zhikongye` (
  `name` varchar(50) DEFAULT NULL,
  `no` varchar(50) DEFAULT NULL,
  `valid` varchar(50) DEFAULT NULL,
  KEY `Index 1` (`name`)
) ENGINE=InnoDB DEFAULT CHARSET=utf8 ROW_FORMAT=DYNAMIC;

-- 正在导出表  water.zhikongye 的数据：~4 rows (大约)
/*!40000 ALTER TABLE `zhikongye` DISABLE KEYS */;
INSERT INTO `zhikongye` (`name`, `no`, `valid`) VALUES
	('sdf', '123', '2000/1/1'),
	('b', '3', '2018/8/16'),
	('sdf', '123', '2000/1/1'),
	('b', '3', '2018/8/16');
/*!40000 ALTER TABLE `zhikongye` ENABLE KEYS */;

-- 导出  表 water.zhikongye1 结构
CREATE TABLE IF NOT EXISTS `zhikongye1` (
  `name` varchar(50) DEFAULT NULL,
  `TestID` int(11) DEFAULT NULL,
  `TestName` varchar(50) DEFAULT NULL,
  `con` varchar(50) DEFAULT NULL COMMENT '浓度',
  `unit` varchar(50) DEFAULT NULL COMMENT '单位',
  UNIQUE KEY `Index 2` (`name`,`TestName`),
  KEY `Index 1` (`name`),
  CONSTRAINT `zhikongye1_ibfk_1` FOREIGN KEY (`name`) REFERENCES `zhikongye` (`name`) ON DELETE CASCADE ON UPDATE CASCADE
) ENGINE=InnoDB DEFAULT CHARSET=utf8 ROW_FORMAT=DYNAMIC COMMENT='质控液对应的项目浓度';

-- 正在导出表  water.zhikongye1 的数据：~4 rows (大约)
/*!40000 ALTER TABLE `zhikongye1` DISABLE KEYS */;
INSERT INTO `zhikongye1` (`name`, `TestID`, `TestName`, `con`, `unit`) VALUES
	('sdf', NULL, 'AAA', '9', 'g/l'),
	('b', NULL, 'CL1', '23', 'g/l'),
	('sdf', NULL, 'CL1', '', 'g/l'),
	('sdf', NULL, 'vv', '', 'g/l');
/*!40000 ALTER TABLE `zhikongye1` ENABLE KEYS */;

/*!40101 SET SQL_MODE=IFNULL(@OLD_SQL_MODE, '') */;
/*!40014 SET FOREIGN_KEY_CHECKS=IF(@OLD_FOREIGN_KEY_CHECKS IS NULL, 1, @OLD_FOREIGN_KEY_CHECKS) */;
/*!40101 SET CHARACTER_SET_CLIENT=@OLD_CHARACTER_SET_CLIENT */;
